id,full_name,birth_date,name_origin
c37fc96e1c9bb550e5da1648aa166166547871602480,"Howell O'Connell DVM",1961-05-28,fr_FR
6fc1a6b5c57bc336564f01db0ff9fd1f547855759632,"Mason Torp II",1991-02-07,pt_PT
1ce92f0831f74baefb612bd3d91c6d76547870653984,"Audreanne Blanda",1974-03-20,fr_FR
ff225d8f3b0c916c1ac410140b828f2b547870654032,"Harmony Gerhold II",1960-07-08,en_GB
fabd53ae5fcbb253db391f1962aa7a30547855757472,"Patricia Predovic",1990-01-19,pt_PT
734fab16adf42b2e467276c0acf67271547855759200,"Leatha Zieme",1975-12-24,fr_FR
20530de3b576f875ac8bc03766e7757d547855272688,"Jordan Rogahn",1990-05-17,es_ES
cb43d7f231e215582025d90e2235e639547855272256,"Nikita Lindgren",1961-10-02,fr_FR
75424fdd0144b3d827c6ab248781547f547855272976,"Rigoberto Bogisich",1996-01-08,fr_FR
d25c71a78009cd329e68080f47b5c5ad547855272880,"Christop Hahn V",2004-04-08,fr_FR
84b965ce375fa0453b3887ccf98c8c11547855273360,"Hassie Abernathy Jr.",1979-09-22,en_GB
58d321c542efa531dfc8cbef7b7bd05d547855272112,"Miss Marilou Lehner",1985-05-21,pt_PT
2676c05dcd9559f12d35e19f6f28bde6547855273504,"Annamarie Sporer DVM",1998-03-24,en_GB
191fc3af0f05f19148a4523230e75685547855382032,"Shaylee Mosciski",1986-03-14,en_GB
949196496237861213cd93cf5a63ea70547855382176,"Devan Schuster DVM",1968-12-07,pt_PT
b2e59f39042cdcc173f959dc6ef85b79547855383616,"Cristopher Donnelly",1980-04-14,fr_FR
02a62d6a0c88c4e61dc0ac176aa16013547855383088,"Lee Considine",2005-08-01,en_GB
a44e6853f5acde6c4aae57bf3a75b7e7547855381792,"Audreanne Rosenbaum",1981-08-04,es_ES
beacc8f9721921470d335e112172bca9547855384528,"Delia Rohan",1989-04-16,es_ES
b29b1abe26d6f1dae4197be86fc0b053547855093824,"Curt Gorczany",1999-10-05,pt_PT
f5dde45733f32707fbf4f7c54506afcb547855096224,"Braeden Morissette",1978-07-01,en_GB
3d35d45ceed95ca5b0c33adcb71c446d547855094112,"Alessandro Kuvalis",2004-05-23,en_GB
1c1c65c13c0c62f823120032594d9379547855094640,"Esta Hamill",1975-11-29,pt_PT
63da281c793267f51645303c8f181d19547855096608,"Joshua Herman",2005-09-27,en_GB
3ba314eaaa9e64d9aeb833b172b80d91547855095072,"Nakia Schumm",1970-10-12,en_GB
9b44cb416f4d413fefcfb6e841872e01547855095696,"Hans Corkery",1996-03-06,fr_FR
47311f3cc919fd4a5d998a094231bc4b547855096704,"Skyla Jakubowski IV",2000-04-20,pt_PT
43eaabc183451914246f6b809b16d104547855096560,"Brendan Pouros",1977-12-20,fr_FR
5278d09136eebe87d1de9fd4c45f4137547855094928,"Dawn Grimes",1996-03-28,en_GB
e48583b4502e595a5ba80009d82ab4a1547855095168,"Ashlee Hodkiewicz PhD",1982-03-20,pt_PT
1bea2b724a3216acfaec49ffcf191bbb547855095840,"Abby Hilpert",2003-01-12,fr_FR
7838b40ee736b7d6a915443eacb5217e547855096272,"Paula Grady V",1979-01-15,pt_PT
4685498473df60f01cad775b9a8052f6547855096848,"Glennie Crooks",2003-07-31,fr_FR
9c0d7d438d49820440bcd936357d8d60547855096800,"Everett Rolfson I",1984-03-31,es_ES
af6186e102e64c0abe609ba90bc9ecfb547855096464,"Rodrigo Johnston",1963-10-23,fr_FR
618729de253c0025be7ac608b51b72f6547855095648,"Rita Rogahn",1963-06-24,pt_PT
902ebd1a647c71dcb78e9ab9b02f104a547855095264,"Lavon Balistreri",1960-10-27,es_ES
824b92044e0113894d9a12f1daf967d5547855095408,"Zula Goodwin II",1974-03-29,es_ES
8852b006e85850e84cbddcf62f25eefb547855094208,"Everett Considine Bogisich",1954-11-04,fr_FR
99af1f4f2d28098adb38281fc4728d46547855096992,"Cristopher Crooks Considine",1945-11-12,en_GB
2e0e6c8ad603b27968b2b90ab273bfbf547855094256,"Lavon Sporer PhD",1981-03-14,pt_PT
8a30e10e65e0ac27ee92ee3917cfe509547855094544,"Alessandro Lehner Lindgren",1968-08-10,fr_FR
7fde529fbee58f74d7c79c29fa9a8bfd547855096368,"Jordan Jordan Bogisich",1951-09-22,fr_FR
58e457f833e15ad73ab25f298a5e4bdd547855093920,"Jordan Jr. Blanda",1944-03-20,fr_FR
e5d05c975dcc81265b0425b65d4f9d93547855096320,"Patricia Hassie I",1956-08-08,es_ES
d2124457efab6db3726492d9f447ed02547855095504,"Christop Herman Johnston",1982-01-25,fr_FR
90bf07ef2ac22a6fe96d90da3f1760b6547855096080,"Patricia Esta Rogahn",2000-02-03,es_ES
ea0cf50bbfaf51523557f0939f52de8f547855096176,"Delia Johnston Jr.",1993-09-14,en_GB
de47eb03ea35b986422f53782b2277e5547855096032,"Nakia Bogisich Rogahn",1986-03-26,pt_PT
c0dbd626e185167972edb29d2dd4145b547855096128,"Annamarie Rohan II",1982-12-06,en_GB
ee638b997f66ad9c0ca9cde377bda8a0547855095216,"Shaylee Herman Balistreri",1972-10-18,es_ES
4298c69378208e8fc85458dd7ff3cdca547855097760,"Rigoberto Esta Gorczany",1956-11-18,pt_PT
c51a0527816cb5a8014ebaf9406b3ec7547855097280,"Miss Joshua Lehner",1966-02-08,pt_PT
7126e5023464cf07177a1afe457d9844547855095888,"Nikita Rogahn Corkery",1967-05-14,fr_FR
16061a2d6b14a91996803f84408c85c4547855096656,"Mason Lavon Rosenbaum",1943-11-08,es_ES
28c9a363e48ec31050ecec7732b0d633547855094736,"Everett Schumm DVM",1993-07-23,en_GB
a3ac3a8033f076b8bfcb3181cf8dcab3547855094688,"Cristopher Mosciski DVM",1972-01-07,en_GB
c434e85c77a7303ae69e176763804391547855095024,"Annamarie Leatha I",1950-07-22,es_ES
c4193f261202937b11e9f45a25245bb4547855095936,"Shaylee Jordan II",1993-10-02,pt_PT
4986996f4521e78e63e99377ced16bdd547855095120,"Cristopher Leatha Corkery",1967-02-01,fr_FR
8e2f60a3e29460249dc729162ad31094547855095552,"Miss Gorczany Blanda",1977-12-13,fr_FR
46ca3b194fc49c2d96e8d5d031a2c03c547855085776,"Patricia Cristopher Donnelly",1979-05-14,fr_FR
030c075cac78540eca072072f9cbcc8b547855085872,"Zula Glennie Rosenbaum",1973-08-27,es_ES
217a6b1557e6835acd2d3086168b94e4547855086352,"Annamarie Rigoberto Blanda",1954-10-03,fr_FR
6da0f1b56dd86c2e3d6fec441bda75aa547855086112,"Leatha Considine Balistreri",1994-12-02,es_ES
2f91ce6c385474b5b4f3363e808e93f8547855086448,"Esta Marilou Rogahn",1950-08-06,es_ES
3655fba292c684becaaeae4c67d7e3d3547855086496,"Lavon Patricia Gorczany",1966-05-12,pt_PT
971c3914ecacfb9b523fe2fe257f7d1b547855086256,"Dawn Joshua Rohan",1955-04-26,es_ES
2e2dece9df0d670b064486214778171d547855086400,"Abby Audreanne Pouros",1986-05-14,fr_FR
56722ead3ebc33e5f03ed4798a6e6603547855085968,"Rodrigo Glennie Blanda",1995-02-11,fr_FR
2f8838df4aa642b8a3db5c9931d4969d547855086304,"Howell Patricia DVM",1965-03-01,pt_PT
88e1915a60ee1acc45e5a4f945e5acbb547855086592,"Ashlee O'Connell Kuvalis",1967-04-28,en_GB
390c22bb0c5d7b48b7a4df5c5e0b20f5547855086688,"Leatha Alessandro Donnelly",1958-01-22,fr_FR
fc7961178ef6b6ccb7b51bebea79414f547855086784,"Alessandro Lee Considine",1989-03-11,en_GB
0c9dd022ace91c381c86ab6404d2e2dd547855086880,"Audreanne Zieme Lehner",1955-08-07,pt_PT
f5e6f0ef16a3d85dd59d6e6f9179dfa5547855086976,"Harmony Braeden Rohan",1943-07-10,es_ES
d8114dff6c87bda17ab891080e41c8f6547855087072,"Audreanne IV Kuvalis",1970-08-22,en_GB
d9ff96410f24d9c1574f679f0720c409547855087168,"Braeden Jr. Corkery",1998-03-12,fr_FR
af754d2de7bd59581dc924476c2d2557547855087264,"Esta Crooks I",1974-12-26,es_ES
622b0bfb5257a15178d9ba8261cbc41e547855087360,"Skyla DVM II",1971-10-06,es_ES
4d234980b4da839bcda4a51914c3a710547855087456,"Rigoberto Miss Rogahn",1970-12-13,es_ES
bd28913d2e452d958c990f7aea024c9a547855087552,"Esta Joshua DVM",1945-03-09,pt_PT
b6a3519178ed8b69aa7cea0e36e5112e547855087648,"Alessandro II Rogahn",1965-04-13,es_ES
efe35b032430158a009eac226be260b0547855087744,"Shaylee Predovic Zieme",1987-12-05,fr_FR
28ffab30996a0c2e4b4f40beab8f9cfd547855087840,"Harmony Nakia Rosenbaum",1970-01-04,es_ES
c34996a6d6efb5eae817512399b4546c547855087936,"Rodrigo Rodrigo Crooks",1985-07-01,fr_FR
cb9b5dbc41b466309483ade1ea59004c547855088032,"Ashlee Nakia DVM",1949-12-11,en_GB
3e12ad83b223c355b3af071aaa4ad93f547855088128,"Rita Kuvalis Mosciski",1990-07-15,en_GB
0a9ddcbc7106b6bacce68f568c6eb9ce547855088224,"Rodrigo Brendan PhD",1989-06-18,pt_PT
d210ea775e3fc24f0fcc571720162e03547855088320,"Ashlee Zula Gorczany",1974-10-16,pt_PT
4c07977e4b06903692b7ad15cc658f47547855088416,"Alessandro Rodrigo DVM",1975-05-18,en_GB
db1a8e7c39397d55ea224f219f87b1e5547855088512,"Patricia Predovic Kuvalis",1956-11-07,en_GB
f78d741f86ac5928255038329a8f0f78547855088608,"Lavon Bogisich Morissette",1956-12-09,en_GB
411d35a4847fa71a6510a5fe3750be02547855088704,"Audreanne Hans V",1991-01-04,fr_FR
a8d45629518335d60622caa29d752df7547855088800,"Nakia Harmony Johnston",1974-09-21,fr_FR
52d4f842a6955283586d9f385272c8a5547855088896,"Zula Donnelly DVM",1953-07-12,fr_FR
c5ee10bb658029c96c7f8b577ddca84f547855088992,"Hassie Rogahn Kuvalis",1979-09-10,en_GB
5327dba5c2020197230de0b0a17236de547855089088,"Everett Jakubowski Gorczany",1963-12-07,pt_PT
9d3dd85337e2e9d25cfdbde077bf8733547855089184,"Miss Considine Morissette",1982-05-12,en_GB
eb46bb744be871a7309078ad7cf96370547855089280,"Paula Mosciski Considine",1961-09-01,en_GB
384e262ba402120a5c63a2d2a5ec3e0e547855089376,"Joshua Rita Jr.",1999-02-12,en_GB
a5417f64895b3a79250588d42979f409547855089472,"Nikita Balistreri V",1944-12-21,pt_PT
9c3cc940bbbc5b891ea7e85d4924dc85547855089568,"Hans Mosciski DVM",1961-07-05,fr_FR
4f4ece82a718326ed318c39030480ddc547855110208,"Ashlee Dawn Rogahn",1967-09-05,es_ES
2301047c5e2f8dbadd5330a6de4c865a547855110304,"Nakia DVM PhD",1949-02-06,pt_PT
390fbaa17013fc7158b91f588bf14c4e547855110400,"Rodrigo Hahn Rohan",1942-12-05,es_ES
40c3d31baa5570b1c132f35b974df293547855110496,"Shaylee Rigoberto Rogahn",1962-10-23,es_ES
1f4b16a747426dc0739e1ed36cfb3bb1547855110592,"Audreanne Delia Hamill",1943-04-25,pt_PT
809e9c01673c313be2de7a3f60c3a212547855110688,"Mason Mason Rohan",1954-12-16,es_ES
3cc681c5a73a6c3f11dfcafce461c7de547855110784,"Shaylee Curt Corkery",1947-07-02,fr_FR
3dc9721a89ed3dd6666d06582a800891547855110880,"Lavon Jordan Kuvalis",1989-03-24,en_GB
27c618ed28bfe0e959fcd05b4f4e8b37547855110976,"Rodrigo Rigoberto Zieme",1972-06-04,fr_FR
f39a53c0115b0b3d23d8276515db46f3547855111072,"Esta Glennie Morissette",1960-05-13,en_GB
e3a8b40b1bc879c8a2b630cbeb8e7a5b547855111168,"Abby IV Rogahn",1975-09-12,es_ES
1ddf3320d215de6b28a31dc571808fea547855111264,"Ashlee Howell Considine",2000-10-11,en_GB
aa21a0fbd21415dfe2dcc4d57f49eaaf547855111360,"Harmony Braeden Donnelly",1963-10-13,fr_FR
b259dbcbf3fd0ff90a7f8a8863540a24547855111456,"Abby Mosciski Crooks",1969-10-08,fr_FR
4b3f5825fcaa591086825bfe34138848547855111552,"Esta Mason Lindgren",1960-09-09,fr_FR
49899789fca9e43a7fdf29a6bfe990d1547855111648,"Paula Rolfson Rogahn",1968-08-20,pt_PT
698b795adff81459d1335b1de86611d0547855111744,"Paula DVM Zieme",1998-11-24,fr_FR
baf0caf6a36f47c8ac2dede9ed3198d7547855111840,"Skyla Jordan Mosciski",1944-02-03,en_GB
ab861cb481afe8c04867187f7bf33da1547855111936,"Miss Patricia PhD",1963-05-10,pt_PT
29ef183e1bd610897359b28dda7de8fb547855112032,"Dawn Donnelly V",1981-11-02,pt_PT
a1b0910dcbf27b7ac2c7914de2834ba2547855112128,"Paula Morissette Hilpert",1973-09-19,fr_FR
61a8417bb60feb1fdb40ddde67a97214547855112224,"Delia Nakia DVM",1952-12-13,fr_FR
c51555022d7da6f1fae048439deac996547855112320,"Esta Leatha Schumm",1979-04-16,en_GB
7cc326cb5581e919fc0757640fac447d547855112416,"Rodrigo Joshua Lehner",1994-05-18,pt_PT
86270e39c6199219f76cfd45b46df085547855112512,"Shaylee Ashlee Donnelly",1946-10-09,fr_FR
e2827395ee745fdd35d47cf2c27ad99c547855112608,"Rita Considine Grimes",1999-09-14,en_GB
eeb712ff7a5517dd11d2887384c69dc9547855112704,"Glennie Crooks Balistreri",1970-04-06,es_ES
3f30a48a99f2b4d9b043426297be8204547855112800,"Abby IV Kuvalis",1985-07-02,en_GB
b5b78afac295142df611f26cdb7b52fe547855112896,"Abby Considine II",1971-05-21,en_GB
c6cdb991d5c4595e56306399f8adc799547855112992,"Glennie Rodrigo Morissette",1953-01-28,en_GB
215186fa948fa72333c365132bbb96ee547855113088,"Lee Rita Rogahn",1950-05-07,pt_PT
c0f13a3413cb98dcee7fbfa5bbedd9c7547855113184,"Rodrigo Lavon Donnelly",1948-03-10,fr_FR
00b0eb0a76da4641337d72442f978a8a547855113280,"Lee Rohan Bogisich",1984-12-17,fr_FR
92f5bc689d3475a886dcd5298d52a965547855113376,"Jordan II I",1956-08-21,es_ES
9d61f98f8937eade970101f3bdfcf0ba547855113472,"Paula Devan Jr.",1966-08-13,en_GB
12f3494f09e25901b50e6476eb2c7fba547855113568,"Patricia Dawn Schumm",1963-01-02,en_GB
b475a356eddb79023343e4c860fce925547855113664,"Howell Rodrigo II",1962-03-24,en_GB
69f2d2194be32a9a77927f6ac8d96a93547855113760,"Rigoberto Crooks IV",1968-03-23,pt_PT
eaa52b8373d686a4dbf0e40545663dec547855113856,"Leatha Jr. Kuvalis",1985-09-25,en_GB
780ff08ae0124cc0785e4018ee905304547855113952,"Braeden Rohan DVM",1992-06-27,en_GB
bdf89231d57e9d734179ef89f82a9bb0547855114048,"Audreanne DVM Blanda",1963-12-07,fr_FR
010a223a973147408f6593c5cbdde76b547855114144,"Nikita DVM IV",1951-02-06,pt_PT
7fdec4ec97caa328d868e10655631cd2547855126592,"Rodrigo Rogahn PhD",1969-03-15,pt_PT
faa07a7a874bbb36adceb115e53d72af547855126688,"Glennie Abernathy Pouros",1983-02-23,fr_FR
2805c3e33cb795089c36ae3c58532c98547855126784,"Howell Jordan DVM",1950-09-10,pt_PT
939a789dfbea1313a4eec36f24e47466547855126880,"Audreanne V DVM",1994-12-02,fr_FR
d999ddd71f954417764fd5cdb671f4de547855126976,"Everett Ashlee Morissette",1988-03-27,en_GB
d9d68f1dacc42928e065212ce795a789547855127072,"Rodrigo Hahn PhD",2000-09-28,pt_PT
1e8dd3d8c861d09c0ab46ce5d3728515547855127168,"Dawn V Rogahn",1964-12-16,pt_PT
e9b065cc692493d9dce90ca2a66bddf1547855127264,"Nakia Alessandro DVM",1942-06-24,pt_PT
90f92f1126ed9cedd5a86f6a1ce19fb7547855127360,"Howell Christop Balistreri",1962-12-14,es_ES
fd227f51e09ad8f34854292a9db05644547855127456,"Hassie Jordan Gorczany",1997-05-23,pt_PT
dc2a7e559cf92a22c1ef9ba4fb1e2388547855127552,"Lavon Predovic Corkery",1985-02-07,fr_FR
4a91a4f62a484f95fe58a1038108295c547855127648,"Abby Donnelly DVM",1973-04-26,en_GB
4935007d2d88a34b8e6340ede4d9bca8547855127744,"Delia Goodwin Johnston",1959-12-18,fr_FR
67315fc2e7dbbc2d42a85f0e8481f859547855127840,"Ashlee Marilou Jr.",1946-05-14,en_GB
46c6db72e16e3edfc1d36c4ac18013b6547855127936,"Audreanne Delia IV",1963-01-16,pt_PT
b5d568d9ddb0224347a03de417ace91e547855128032,"Paula Blanda DVM",1973-12-19,fr_FR
2a932e2313d1c93307588bfc93af90d4547855382944,"Zula II Johnston",1960-06-25,fr_FR
71bbb427b904f407434beb89679f5a32547855383808,"Zula Predovic Rosenbaum",1977-01-14,es_ES
f8d337a6c3242408fed15464269e0b59547855382368,"Brendan Delia Hilpert",1993-08-13,fr_FR
620a5d8a04bb94469d8d7b7cd849afbc547855381600,"Glennie Morissette Zieme",1965-08-01,fr_FR
035accec02af65234835648897b8dd55547855383472,"Braeden Leatha II",1969-09-19,es_ES
1ed8bf14da3ab745db972df3f7e24fe1547855384288,"Nikita Corkery Jr.",1950-11-03,en_GB
7371714b685e03bbb21f048456a4f840547855384048,"Lee Rohan Morissette",1957-01-12,en_GB
7cc6620c6c1035fbd341430a6ce724f8547855383376,"Patricia Patricia II",1942-08-24,pt_PT
0b8f74bb527f00c11a58177b85eb6070547855384144,"Harmony Donnelly Blanda",1945-10-02,fr_FR
6056582a24f0b480c941e33f2d3cbbc7547855384432,"Curt Balistreri Zieme",1956-12-11,fr_FR
2b933672c3125840abec4f47142a10fe547855382992,"Patricia Gerhold II",1960-02-26,en_GB
b8866f75e9745052d2f07f55b94ea820547855384240,"Patricia Leatha Mosciski",1958-01-27,en_GB
a08476b2a641f39568eb583d493152fd547855383952,"Hans Joshua Rogahn",1981-01-03,es_ES
0027a0c6ac8c0d15cca5568edee86b38547855383280,"Harmony Schumm I",1944-05-18,es_ES
65360fdd1484196189b4f220ee8b9202547855382752,"Hassie Dawn Zieme",1972-11-28,fr_FR
43e0afcf28c57cf5161a81e9b58368a9547855381840,"Lee Mosciski I",1988-11-20,es_ES
8332498f4068e91f7f976d8eb4e730b5547855382608,"Audreanne Nikita Schumm",1998-08-05,en_GB
5136823c0060a9ca497d750b5623c549547855382896,"Annamarie Grimes Morissette",1972-02-04,en_GB
725bc05ea095a40f8b4b1374c507277d547855272496,"Abby Hilpert Zieme",1972-03-11,fr_FR
5a7df174dfd863443aa9e4d6d544e1b5547855273120,"Zula Considine Blanda",1958-07-06,fr_FR
4df9b19dec4bae3e74d46359a36219e4547855273312,"Paula V Rogahn",1998-02-04,es_ES
33afe70a16bb4fe55df6c13448d82c73547855272544,"Curt Hodkiewicz DVM",1950-11-20,fr_FR
024d92e982867a2d854b0e205a687ea7547855272208,"Audreanne Shaylee Considine",1993-04-08,en_GB
e553e4fbbcbf203a87cdadfcd834735b547855273264,"Nakia Audreanne Rosenbaum",1973-07-25,es_ES
9d754c40c3bf16c89a7e586ad69ae054547855272016,"Esta Nakia Donnelly",1967-04-16,fr_FR
91f867dc7ca23de7afc7bd87e8f79297547855272928,"Esta Hamill Hilpert",1965-06-08,fr_FR
e89929986c46aad6f4bede5b9dcd7ce1547855128128,"Shaylee Harmony V",1960-04-28,fr_FR
6d75322469c988b06e08ffc61a3ea40a547855128224,"Annamarie Gerhold Predovic",1965-01-08,pt_PT
8013d7cb28a9405acac2fdfa58d4f2bc547855128320,"Joshua PhD Blanda",1991-12-22,fr_FR
1c2a33d750f0e8612411b0abb0e35161547855128416,"Skyla Leatha Grimes",1952-07-02,en_GB
26956faecd294fdda2aa12687d763b03547855128512,"Nakia II Rogahn",1992-12-01,es_ES
06dbc246c41b8b9d2bacd64dcdaccfc6547855128608,"Annamarie Blanda Donnelly",1952-05-03,fr_FR
2575299bb9a9325363173fda313cecf0547855128704,"Zula Delia Considine",1989-12-16,en_GB
df50a07ae6b0512eb108f1d71defb4aa547855128800,"Harmony Rolfson Morissette",1946-10-20,en_GB
08899f6289d56b520a7c83eb034906d2547855128896,"Ashlee Rigoberto Blanda",1989-10-20,fr_FR
f056aa90d1ff1f2c5b989249572de6e8547855128992,"Skyla Christop DVM",1982-02-15,en_GB
c2e8b737f44b7a543f52fc831b45df08547855129088,"Mason Gorczany Zieme",1963-07-16,fr_FR
7aac8f9f7f78f3193177a1c46c1cc2cd547855129184,"Christop I Rosenbaum",1940-10-11,es_ES
071b4cb90df38e961e6c4d81ae165eee547855129280,"Nakia Lavon Rohan",1973-10-02,es_ES
2996add5fbac90d3c20f949d73fc8cc6547855129376,"Shaylee Marilou II",1969-11-09,pt_PT
dd9ad2df1290de688d70865f27740ebf547855129472,"Rita Howell IV",1983-07-18,pt_PT
e378ec604bfb2a3ee6b754dc27115ec9547855129568,"Devan Mosciski Predovic",1958-12-01,pt_PT
823fee4d0ef5095dbd6e6604f86483f9547855129664,"Joshua Brendan Rosenbaum",1981-04-01,es_ES
113958b9082cd0e445c667b9c49ff924547855129760,"Rigoberto Miss I",1968-12-13,es_ES
5e83a205529616797c8f7b6e0a1a5f27547855129856,"Braeden Rosenbaum Lindgren",1948-04-17,fr_FR
c6e077f0de28b4be3f0a92ad7fdafc0d547855129952,"Rigoberto Shaylee Rosenbaum",1960-08-22,es_ES
ebe55dcebc606806deb55ea1ac30b9ce547855130048,"Dawn Johnston Jr.",1966-12-09,en_GB
5331cb5fabee415886b235a9159a670f547855130144,"Audreanne Lehner Rohan",1969-09-07,es_ES
ca37a2d619a5cfeca5b8dd7d9fb78abf547855130240,"Mason Nikita Gorczany",1956-12-04,pt_PT
0e6b02ccabcb8e0ec813277811deab22547855130336,"Alessandro Blanda Hamill",1971-10-14,pt_PT
49795b8139953912bb17965fdea4cc81547855130432,"Audreanne Jakubowski Lindgren",1959-02-02,fr_FR
29a4134fd38d992c9c7c16f06b13254f547855130528,"Zula II Morissette",1947-04-11,en_GB
c72551fba1f54d81564dcac3ef58f712547855134784,"Lee Harmony Kuvalis",1949-10-21,en_GB
43c887b2ac1fb39577e8ee873cd8003c547855134880,"Leatha Everett Considine",1991-02-28,en_GB
8090e451be2e627ccbee02edf2c82a1c547855134976,"Lee Rolfson Lindgren",1996-05-24,fr_FR
e2fc28500da5e80776d2a21e3c6f9f63547855135072,"Rodrigo Balistreri Hamill",1955-01-23,pt_PT
a73d416621d8e12b76e8fdd2484885c5547855135168,"Braeden Predovic DVM",1955-12-15,en_GB
ea09142db2dfc00c035453e5cd86840f547855135264,"Shaylee Morissette Blanda",1968-05-15,fr_FR
c014242703b11bd1e61aaa8202e57734547855135360,"Alessandro Jordan II",1968-04-22,es_ES
45cf02bb223ece56461c5ecfb6f165c4547855135456,"Curt Patricia V",1959-10-23,fr_FR
947e2c88bfbfb2e8b2bf641e6c082e07547855135552,"Brendan Leatha Schumm",1948-10-05,en_GB
0dc313b56bf5d1c94a8abaf49ab7a1d7547855135648,"Nakia Nakia I",1988-06-06,es_ES
cfeb9c81228daa69485edcb33946543c547855135744,"Harmony II V",1942-06-02,fr_FR
e6a7770b120242fd216c172be2c66ff2547855135840,"Braeden Grady Considine",1996-02-01,en_GB
dc6e22dcdacf2ff63d65c4868d86ba49547855135936,"Rigoberto Harmony Considine",1986-03-03,en_GB
afdc00068b8e3114f87731074f9dbaae547855136032,"Rigoberto Miss DVM",1943-03-17,pt_PT
1ecd1f591ffe9b94f88e57582e72a53b547855136128,"Braeden Lee Lehner",1989-11-21,pt_PT
9a2c10232248aa504c9566f63e8627bd547855136224,"Esta Sporer Hilpert",1985-05-22,fr_FR
fdd81ade104cbffb3ce818b8681c51d2547855136320,"Mason Esta PhD",1942-06-09,pt_PT
072e85109944b27b26dd55665cfcc762547855136416,"Devan II Pouros",1954-04-19,fr_FR
f1e53bb432b65fd0dfdd4974a7986ea1547855136512,"Harmony Rogahn Hamill",1973-07-20,pt_PT
0473a4e1a67773f84632f88450195048547855136608,"Alessandro Corkery Crooks",1986-04-18,fr_FR
53b28ff18b65eeeea276e5e31fe95a9b547855136704,"Nikita Brendan Morissette",1966-04-09,en_GB
6d3ddbbf92d9f7b1ea08a86b4c1ddc79547855136800,"Mason Curt II",1992-09-16,en_GB
c8c3b4d2df4b3f82750e4f534b31b4ac547855136896,"Audreanne Bogisich Mosciski",1959-09-12,en_GB
e4f9db4cb46a6121adda36deba3737b5547855136992,"Shaylee Ashlee Corkery",1958-11-01,fr_FR
b8fd4c831edf3f9ad3be82bbafb433c5547855137088,"Esta II Lindgren",1950-11-15,fr_FR
32eb1242b768f9da74ba8a8077b79e9e547855137184,"Lee Lavon II",1990-07-10,pt_PT
ccb3d2d83b483cf45e93737d514f302c547855137280,"Cristopher Schumm V",1998-11-04,pt_PT
0c16d79fccaa50b01b99b606ce487c14547855137376,"Audreanne Ashlee Donnelly",1988-05-09,fr_FR
8a3a9df1d34e0a20b78aafbc9609318e547855137472,"Brendan Rohan Mosciski",1946-03-28,en_GB
492262ffb0186a4a86348a6aea6ffbd4547855137568,"Skyla V DVM",1961-09-04,pt_PT
fd9e96424ef2f12314fb4248352f4bed547855137664,"Cristopher Predovic V",1962-11-17,pt_PT
d1531e600c9f70feac8b0213cf52a8ca547855137760,"Devan Annamarie Mosciski",1952-12-07,en_GB
10ca68a4c3e8023dfeb8bcd04acbeb09547855137856,"Joshua Morissette Bogisich",1990-03-16,fr_FR
b2e03400cd338d0d330ff951526ea3d7547855137952,"Dawn Blanda Hilpert",1971-07-03,fr_FR
1b5463799e250f5dd53c820345705177547855138048,"Lee Hans Mosciski",1989-03-17,en_GB
e0fbbc3efb328f01a497d9dbb48c2036547855138144,"Curt Patricia DVM",1958-03-10,en_GB
736a12a8a9ea75d68b458cc896aec4e5547855138240,"Curt Lee Lindgren",1961-06-06,fr_FR
