account_number,balance,subscriber_name,subscriber_id,active
75960,0,"Ashlee Nakia DVM",cb9b5dbc41b466309483ade1ea59004c547855088032,1
12073,0,"Dawn Joshua Rohan",971c3914ecacfb9b523fe2fe257f7d1b547855086256,0
28260,0,"Paula Rolfson Rogahn",49899789fca9e43a7fdf29a6bfe990d1547855111648,1
67715,0,"Mason Lavon Rosenbaum",16061a2d6b14a91996803f84408c85c4547855096656,1
56168,0,"Ashlee Hodkiewicz PhD",e48583b4502e595a5ba80009d82ab4a1547855095168,1
22760,0,"Rigoberto Bogisich",75424fdd0144b3d827c6ab248781547f547855272976,1
27489,0,"Mason Gorczany Zieme",c2e8b737f44b7a543f52fc831b45df08547855129088,1
12150,0,"Abby Hilpert Zieme",725bc05ea095a40f8b4b1374c507277d547855272496,1
52694,0,"Rodrigo Johnston",af6186e102e64c0abe609ba90bc9ecfb547855096464,1
95716,0,"Nakia II Rogahn",26956faecd294fdda2aa12687d763b03547855128512,1
38249,0,"Joshua Rita Jr.",384e262ba402120a5c63a2d2a5ec3e0e547855089376,1
77265,0,"Lee Rohan Bogisich",00b0eb0a76da4641337d72442f978a8a547855113280,1
82697,0,"Abby IV Kuvalis",3f30a48a99f2b4d9b043426297be8204547855112800,1
97119,0,"Joshua Herman",63da281c793267f51645303c8f181d19547855096608,1
30069,0,"Miss Gorczany Blanda",8e2f60a3e29460249dc729162ad31094547855095552,1
29552,0,"Shaylee Morissette Blanda",ea09142db2dfc00c035453e5cd86840f547855135264,0
14049,0,"Lavon Predovic Corkery",dc2a7e559cf92a22c1ef9ba4fb1e2388547855127552,1
86196,0,"Rigoberto Bogisich",75424fdd0144b3d827c6ab248781547f547855272976,0
51640,0,"Hans Mosciski DVM",9c3cc940bbbc5b891ea7e85d4924dc85547855089568,1
33496,0,"Cristopher Crooks Considine",99af1f4f2d28098adb38281fc4728d46547855096992,1
74084,0,"Leatha Considine Balistreri",6da0f1b56dd86c2e3d6fec441bda75aa547855086112,1
83553,0,"Alessandro II Rogahn",b6a3519178ed8b69aa7cea0e36e5112e547855087648,1
56499,0,"Nakia Bogisich Rogahn",de47eb03ea35b986422f53782b2277e5547855096032,1
73393,0,"Audreanne IV Kuvalis",d8114dff6c87bda17ab891080e41c8f6547855087072,1
91828,0,"Audreanne Jakubowski Lindgren",49795b8139953912bb17965fdea4cc81547855130432,0
36100,0,"Esta Crooks I",af754d2de7bd59581dc924476c2d2557547855087264,1
93208,0,"Esta II Lindgren",b8fd4c831edf3f9ad3be82bbafb433c5547855137088,1
73587,0,"Glennie Crooks Balistreri",eeb712ff7a5517dd11d2887384c69dc9547855112704,1
31763,0,"Alessandro Blanda Hamill",0e6b02ccabcb8e0ec813277811deab22547855130336,1
60784,0,"Curt Balistreri Zieme",6056582a24f0b480c941e33f2d3cbbc7547855384432,1
38981,0,"Christop Herman Johnston",d2124457efab6db3726492d9f447ed02547855095504,1
95675,0,"Patricia Predovic Kuvalis",db1a8e7c39397d55ea224f219f87b1e5547855088512,1
21462,0,"Rigoberto Shaylee Rosenbaum",c6e077f0de28b4be3f0a92ad7fdafc0d547855129952,1
43651,0,"Skyla Jordan Mosciski",baf0caf6a36f47c8ac2dede9ed3198d7547855111840,1
66335,0,"Alessandro Lee Considine",fc7961178ef6b6ccb7b51bebea79414f547855086784,1
35151,0,"Harmony Schumm I",0027a0c6ac8c0d15cca5568edee86b38547855383280,1
66378,0,"Skyla Leatha Grimes",1c2a33d750f0e8612411b0abb0e35161547855128416,1
94771,0,"Glennie Abernathy Pouros",faa07a7a874bbb36adceb115e53d72af547855126688,1
45638,0,"Shaylee Morissette Blanda",ea09142db2dfc00c035453e5cd86840f547855135264,1
63774,0,"Ashlee Howell Considine",1ddf3320d215de6b28a31dc571808fea547855111264,1
43999,0,"Nakia Harmony Johnston",a8d45629518335d60622caa29d752df7547855088800,1
47619,0,"Patricia Cristopher Donnelly",46ca3b194fc49c2d96e8d5d031a2c03c547855085776,1
95609,0,"Annamarie Rohan II",c0dbd626e185167972edb29d2dd4145b547855096128,0
16609,0,"Nikita Brendan Morissette",53b28ff18b65eeeea276e5e31fe95a9b547855136704,1
23399,0,"Nikita Lindgren",cb43d7f231e215582025d90e2235e639547855272256,0
89997,0,"Mason Mason Rohan",809e9c01673c313be2de7a3f60c3a212547855110688,1
85521,0,"Nikita Rogahn Corkery",7126e5023464cf07177a1afe457d9844547855095888,1
89874,0,"Audreanne Blanda",1ce92f0831f74baefb612bd3d91c6d76547870653984,1
42917,0,"Esta Nakia Donnelly",9d754c40c3bf16c89a7e586ad69ae054547855272016,1
68277,0,"Lavon Predovic Corkery",dc2a7e559cf92a22c1ef9ba4fb1e2388547855127552,1
55631,0,"Glennie Rodrigo Morissette",c6cdb991d5c4595e56306399f8adc799547855112992,1
36636,0,"Patricia Esta Rogahn",90bf07ef2ac22a6fe96d90da3f1760b6547855096080,1
94111,0,"Paula V Rogahn",4df9b19dec4bae3e74d46359a36219e4547855273312,1
76434,0,"Leatha Alessandro Donnelly",390c22bb0c5d7b48b7a4df5c5e0b20f5547855086688,1
30024,0,"Leatha Zieme",734fab16adf42b2e467276c0acf67271547855759200,1
27170,0,"Ashlee Nakia DVM",cb9b5dbc41b466309483ade1ea59004c547855088032,0
23398,0,"Cristopher Leatha Corkery",4986996f4521e78e63e99377ced16bdd547855095120,1
48391,0,"Alessandro Kuvalis",3d35d45ceed95ca5b0c33adcb71c446d547855094112,0
95331,0,"Zula II Morissette",29a4134fd38d992c9c7c16f06b13254f547855130528,1
18593,0,"Rodrigo Hahn PhD",d9d68f1dacc42928e065212ce795a789547855127072,1
91620,0,"Audreanne V DVM",939a789dfbea1313a4eec36f24e47466547855126880,1
93983,0,"Dawn Grimes",5278d09136eebe87d1de9fd4c45f4137547855094928,1
31912,0,"Zula Predovic Rosenbaum",71bbb427b904f407434beb89679f5a32547855383808,1
84127,0,"Alessandro Kuvalis",3d35d45ceed95ca5b0c33adcb71c446d547855094112,1
73132,0,"Shaylee Curt Corkery",3cc681c5a73a6c3f11dfcafce461c7de547855110784,0
55967,0,"Delia Nakia DVM",61a8417bb60feb1fdb40ddde67a97214547855112224,1
66000,0,"Rigoberto Miss DVM",afdc00068b8e3114f87731074f9dbaae547855136032,1
42105,0,"Nikita Rogahn Corkery",7126e5023464cf07177a1afe457d9844547855095888,1
84744,0,"Curt Patricia V",45cf02bb223ece56461c5ecfb6f165c4547855135456,1
25006,0,"Skyla V DVM",492262ffb0186a4a86348a6aea6ffbd4547855137568,1
83747,0,"Alessandro Kuvalis",3d35d45ceed95ca5b0c33adcb71c446d547855094112,1
38703,0,"Braeden Morissette",f5dde45733f32707fbf4f7c54506afcb547855096224,1
84855,0,"Nakia II Rogahn",26956faecd294fdda2aa12687d763b03547855128512,1
56630,0,"Lavon Bogisich Morissette",f78d741f86ac5928255038329a8f0f78547855088608,1
56146,0,"Nakia Bogisich Rogahn",de47eb03ea35b986422f53782b2277e5547855096032,1
94073,0,"Dawn Donnelly V",29ef183e1bd610897359b28dda7de8fb547855112032,0
41655,0,"Everett Ashlee Morissette",d999ddd71f954417764fd5cdb671f4de547855126976,1
18865,0,"Lee Rohan Bogisich",00b0eb0a76da4641337d72442f978a8a547855113280,1
67938,0,"Lee Rohan Bogisich",00b0eb0a76da4641337d72442f978a8a547855113280,1
23882,0,"Curt Patricia DVM",e0fbbc3efb328f01a497d9dbb48c2036547855138144,1
25181,0,"Lavon Predovic Corkery",dc2a7e559cf92a22c1ef9ba4fb1e2388547855127552,1
77255,0,"Curt Patricia DVM",e0fbbc3efb328f01a497d9dbb48c2036547855138144,1
19483,0,"Annamarie Blanda Donnelly",06dbc246c41b8b9d2bacd64dcdaccfc6547855128608,1
64628,0,"Glennie Crooks",4685498473df60f01cad775b9a8052f6547855096848,1
74493,0,"Glennie Abernathy Pouros",faa07a7a874bbb36adceb115e53d72af547855126688,1
49264,0,"Glennie Abernathy Pouros",faa07a7a874bbb36adceb115e53d72af547855126688,1
80744,0,"Delia Johnston Jr.",ea0cf50bbfaf51523557f0939f52de8f547855096176,1
46122,0,"Nakia Bogisich Rogahn",de47eb03ea35b986422f53782b2277e5547855096032,1
21433,0,"Patricia Patricia II",7cc6620c6c1035fbd341430a6ce724f8547855383376,1
98186,0,"Christop Herman Johnston",d2124457efab6db3726492d9f447ed02547855095504,1
44460,0,"Brendan Pouros",43eaabc183451914246f6b809b16d104547855096560,1
76807,0,"Shaylee Herman Balistreri",ee638b997f66ad9c0ca9cde377bda8a0547855095216,1
28275,0,"Nikita Lindgren",cb43d7f231e215582025d90e2235e639547855272256,1
23678,0,"Skyla V DVM",492262ffb0186a4a86348a6aea6ffbd4547855137568,1
94935,0,"Ashlee Hodkiewicz PhD",e48583b4502e595a5ba80009d82ab4a1547855095168,1
39370,0,"Audreanne Delia Hamill",1f4b16a747426dc0739e1ed36cfb3bb1547855110592,1
96798,0,"Zula Delia Considine",2575299bb9a9325363173fda313cecf0547855128704,1
52066,0,"Rita Kuvalis Mosciski",3e12ad83b223c355b3af071aaa4ad93f547855088128,1
92158,0,"Mason Curt II",6d3ddbbf92d9f7b1ea08a86b4c1ddc79547855136800,1
10111,0,"Cristopher Crooks Considine",99af1f4f2d28098adb38281fc4728d46547855096992,1
95655,0,"Everett Jakubowski Gorczany",5327dba5c2020197230de0b0a17236de547855089088,1
68487,0,"Audreanne Nikita Schumm",8332498f4068e91f7f976d8eb4e730b5547855382608,1
96363,0,"Dawn Johnston Jr.",ebe55dcebc606806deb55ea1ac30b9ce547855130048,1
27291,0,"Nikita DVM IV",010a223a973147408f6593c5cbdde76b547855114144,1
29748,0,"Nakia II Rogahn",26956faecd294fdda2aa12687d763b03547855128512,0
29932,0,"Ashlee Hodkiewicz PhD",e48583b4502e595a5ba80009d82ab4a1547855095168,1
25482,0,"Howell O'Connell DVM",c37fc96e1c9bb550e5da1648aa166166547871602480,1
50862,0,"Rodrigo Hahn Rohan",390fbaa17013fc7158b91f588bf14c4e547855110400,1
95014,0,"Hassie Jordan Gorczany",fd227f51e09ad8f34854292a9db05644547855127456,1
28403,0,"Cristopher Leatha Corkery",4986996f4521e78e63e99377ced16bdd547855095120,1
82349,0,"Shaylee Marilou II",2996add5fbac90d3c20f949d73fc8cc6547855129376,1
57623,0,"Nakia Alessandro DVM",e9b065cc692493d9dce90ca2a66bddf1547855127264,0
62765,0,"Mason Esta PhD",fdd81ade104cbffb3ce818b8681c51d2547855136320,1
21021,0,"Nakia DVM PhD",2301047c5e2f8dbadd5330a6de4c865a547855110304,1
46244,0,"Jordan II I",92f5bc689d3475a886dcd5298d52a965547855113376,1
15210,0,"Harmony Rolfson Morissette",df50a07ae6b0512eb108f1d71defb4aa547855128800,1
79662,0,"Rodrigo Rogahn PhD",7fdec4ec97caa328d868e10655631cd2547855126592,1
86803,0,"Christop Hahn V",d25c71a78009cd329e68080f47b5c5ad547855272880,1
33063,0,"Lavon Balistreri",902ebd1a647c71dcb78e9ab9b02f104a547855095264,1
59907,0,"Hans Mosciski DVM",9c3cc940bbbc5b891ea7e85d4924dc85547855089568,1
43382,0,"Nikita Balistreri V",a5417f64895b3a79250588d42979f409547855089472,1
78053,0,"Curt Balistreri Zieme",6056582a24f0b480c941e33f2d3cbbc7547855384432,1
62430,0,"Annamarie Rigoberto Blanda",217a6b1557e6835acd2d3086168b94e4547855086352,1
45718,0,"Harmony Braeden Donnelly",aa21a0fbd21415dfe2dcc4d57f49eaaf547855111360,1
82766,0,"Jordan II I",92f5bc689d3475a886dcd5298d52a965547855113376,1
74171,0,"Lavon Patricia Gorczany",3655fba292c684becaaeae4c67d7e3d3547855086496,0
20233,0,"Ashlee Rigoberto Blanda",08899f6289d56b520a7c83eb034906d2547855128896,1
22353,0,"Braeden Jr. Corkery",d9ff96410f24d9c1574f679f0720c409547855087168,1
81664,0,"Ashlee Dawn Rogahn",4f4ece82a718326ed318c39030480ddc547855110208,1
13964,0,"Rodrigo Brendan PhD",0a9ddcbc7106b6bacce68f568c6eb9ce547855088224,1
32331,0,"Alessandro II Rogahn",b6a3519178ed8b69aa7cea0e36e5112e547855087648,1
99107,0,"Alessandro Kuvalis",3d35d45ceed95ca5b0c33adcb71c446d547855094112,1
43970,0,"Cristopher Crooks Considine",99af1f4f2d28098adb38281fc4728d46547855096992,1
54028,0,"Shaylee Curt Corkery",3cc681c5a73a6c3f11dfcafce461c7de547855110784,1
60577,0,"Howell O'Connell DVM",c37fc96e1c9bb550e5da1648aa166166547871602480,1
93615,0,"Ashlee Howell Considine",1ddf3320d215de6b28a31dc571808fea547855111264,1
36360,0,"Audreanne Blanda",1ce92f0831f74baefb612bd3d91c6d76547870653984,1
87648,0,"Joshua Morissette Bogisich",10ca68a4c3e8023dfeb8bcd04acbeb09547855137856,1
79593,0,"Annamarie Grimes Morissette",5136823c0060a9ca497d750b5623c549547855382896,1
28372,0,"Everett Considine Bogisich",8852b006e85850e84cbddcf62f25eefb547855094208,1
15011,0,"Harmony Donnelly Blanda",0b8f74bb527f00c11a58177b85eb6070547855384144,1
72652,0,"Abby Considine II",b5b78afac295142df611f26cdb7b52fe547855112896,1
33995,0,"Annamarie Sporer DVM",2676c05dcd9559f12d35e19f6f28bde6547855273504,1
47173,0,"Braeden Rosenbaum Lindgren",5e83a205529616797c8f7b6e0a1a5f27547855129856,1
85448,0,"Howell Patricia DVM",2f8838df4aa642b8a3db5c9931d4969d547855086304,1
32286,0,"Shaylee Ashlee Corkery",e4f9db4cb46a6121adda36deba3737b5547855136992,1
26453,0,"Jordan Rogahn",20530de3b576f875ac8bc03766e7757d547855272688,0
77649,0,"Curt Lee Lindgren",736a12a8a9ea75d68b458cc896aec4e5547855138240,1
78299,0,"Lavon Balistreri",902ebd1a647c71dcb78e9ab9b02f104a547855095264,1
33088,0,"Devan Mosciski Predovic",e378ec604bfb2a3ee6b754dc27115ec9547855129568,1
79666,0,"Glennie Morissette Zieme",620a5d8a04bb94469d8d7b7cd849afbc547855381600,0
97782,0,"Glennie Crooks",4685498473df60f01cad775b9a8052f6547855096848,1
43395,0,"Rigoberto Harmony Considine",dc6e22dcdacf2ff63d65c4868d86ba49547855135936,1
66480,0,"Zula Glennie Rosenbaum",030c075cac78540eca072072f9cbcc8b547855085872,1
19099,0,"Skyla Jakubowski IV",47311f3cc919fd4a5d998a094231bc4b547855096704,1
61632,0,"Rodrigo Johnston",af6186e102e64c0abe609ba90bc9ecfb547855096464,1
56668,0,"Christop Herman Johnston",d2124457efab6db3726492d9f447ed02547855095504,1
67223,0,"Esta Sporer Hilpert",9a2c10232248aa504c9566f63e8627bd547855136224,1
53832,0,"Nikita DVM IV",010a223a973147408f6593c5cbdde76b547855114144,1
30039,0,"Harmony Donnelly Blanda",0b8f74bb527f00c11a58177b85eb6070547855384144,1
78405,0,"Rigoberto Harmony Considine",dc6e22dcdacf2ff63d65c4868d86ba49547855135936,1
15214,0,"Mason Lavon Rosenbaum",16061a2d6b14a91996803f84408c85c4547855096656,1
76236,0,"Mason Esta PhD",fdd81ade104cbffb3ce818b8681c51d2547855136320,1
39766,0,"Christop Hahn V",d25c71a78009cd329e68080f47b5c5ad547855272880,1
95030,0,"Mason Esta PhD",fdd81ade104cbffb3ce818b8681c51d2547855136320,1
74573,0,"Patricia Dawn Schumm",12f3494f09e25901b50e6476eb2c7fba547855113568,1
95968,0,"Esta Hamill Hilpert",91f867dc7ca23de7afc7bd87e8f79297547855272928,0
63700,0,"Audreanne Hans V",411d35a4847fa71a6510a5fe3750be02547855088704,1
76505,0,"Audreanne Delia IV",46c6db72e16e3edfc1d36c4ac18013b6547855127936,1
37773,0,"Zula Donnelly DVM",52d4f842a6955283586d9f385272c8a5547855088896,1
25188,0,"Everett Considine Bogisich",8852b006e85850e84cbddcf62f25eefb547855094208,1
89963,0,"Patricia Leatha Mosciski",b8866f75e9745052d2f07f55b94ea820547855384240,1
15848,0,"Dawn V Rogahn",1e8dd3d8c861d09c0ab46ce5d3728515547855127168,1
44936,0,"Esta Hamill",1c1c65c13c0c62f823120032594d9379547855094640,1
12106,0,"Esta Hamill",1c1c65c13c0c62f823120032594d9379547855094640,1
74086,0,"Lee Mosciski I",43e0afcf28c57cf5161a81e9b58368a9547855381840,1
14036,0,"Nikita DVM IV",010a223a973147408f6593c5cbdde76b547855114144,1
55955,0,"Shaylee Mosciski",191fc3af0f05f19148a4523230e75685547855382032,1
65544,0,"Nakia Bogisich Rogahn",de47eb03ea35b986422f53782b2277e5547855096032,1
66340,0,"Audreanne Hans V",411d35a4847fa71a6510a5fe3750be02547855088704,1
95771,0,"Brendan Rohan Mosciski",8a3a9df1d34e0a20b78aafbc9609318e547855137472,1
59473,0,"Patricia Leatha Mosciski",b8866f75e9745052d2f07f55b94ea820547855384240,1
67346,0,"Rodrigo Hahn PhD",d9d68f1dacc42928e065212ce795a789547855127072,1
31644,0,"Annamarie Leatha I",c434e85c77a7303ae69e176763804391547855095024,1
69085,0,"Devan Annamarie Mosciski",d1531e600c9f70feac8b0213cf52a8ca547855137760,0
36565,0,"Mason Lavon Rosenbaum",16061a2d6b14a91996803f84408c85c4547855096656,1
79421,0,"Ashlee O'Connell Kuvalis",88e1915a60ee1acc45e5a4f945e5acbb547855086592,1
13775,0,"Zula Considine Blanda",5a7df174dfd863443aa9e4d6d544e1b5547855273120,1
83669,0,"Curt Lee Lindgren",736a12a8a9ea75d68b458cc896aec4e5547855138240,1
65526,0,"Alessandro Lee Considine",fc7961178ef6b6ccb7b51bebea79414f547855086784,1
50104,0,"Zula Delia Considine",2575299bb9a9325363173fda313cecf0547855128704,1
19790,0,"Hassie Jordan Gorczany",fd227f51e09ad8f34854292a9db05644547855127456,1
93226,0,"Rodrigo Hahn Rohan",390fbaa17013fc7158b91f588bf14c4e547855110400,1
79254,0,"Skyla Christop DVM",f056aa90d1ff1f2c5b989249572de6e8547855128992,1
46025,0,"Nakia DVM PhD",2301047c5e2f8dbadd5330a6de4c865a547855110304,1
89436,0,"Mason Torp II",6fc1a6b5c57bc336564f01db0ff9fd1f547855759632,0
30005,0,"Joshua Brendan Rosenbaum",823fee4d0ef5095dbd6e6604f86483f9547855129664,1
99915,0,"Audreanne IV Kuvalis",d8114dff6c87bda17ab891080e41c8f6547855087072,1
39706,0,"Ashlee Marilou Jr.",67315fc2e7dbbc2d42a85f0e8481f859547855127840,1
59230,0,"Brendan Leatha Schumm",947e2c88bfbfb2e8b2bf641e6c082e07547855135552,0
69878,0,"Rigoberto Harmony Considine",dc6e22dcdacf2ff63d65c4868d86ba49547855135936,0
86308,0,"Harmony Schumm I",0027a0c6ac8c0d15cca5568edee86b38547855383280,1
83402,0,"Lavon Jordan Kuvalis",3dc9721a89ed3dd6666d06582a800891547855110880,1
21686,0,"Curt Lee Lindgren",736a12a8a9ea75d68b458cc896aec4e5547855138240,1
66870,0,"Skyla Jordan Mosciski",baf0caf6a36f47c8ac2dede9ed3198d7547855111840,1
92412,0,"Zula Predovic Rosenbaum",71bbb427b904f407434beb89679f5a32547855383808,1
97705,0,"Patricia Esta Rogahn",90bf07ef2ac22a6fe96d90da3f1760b6547855096080,1
89262,0,"Nakia Bogisich Rogahn",de47eb03ea35b986422f53782b2277e5547855096032,1
40879,0,"Lee Rita Rogahn",215186fa948fa72333c365132bbb96ee547855113088,1
22819,0,"Joshua Rita Jr.",384e262ba402120a5c63a2d2a5ec3e0e547855089376,0
22186,0,"Mason Torp II",6fc1a6b5c57bc336564f01db0ff9fd1f547855759632,1
45192,0,"Joshua Rita Jr.",384e262ba402120a5c63a2d2a5ec3e0e547855089376,1
38585,0,"Mason Torp II",6fc1a6b5c57bc336564f01db0ff9fd1f547855759632,1
35534,0,"Ashlee Howell Considine",1ddf3320d215de6b28a31dc571808fea547855111264,0
33011,0,"Hans Corkery",9b44cb416f4d413fefcfb6e841872e01547855095696,1
91300,0,"Audreanne Delia Hamill",1f4b16a747426dc0739e1ed36cfb3bb1547855110592,1
65714,0,"Abby Audreanne Pouros",2e2dece9df0d670b064486214778171d547855086400,1
82788,0,"Esta Crooks I",af754d2de7bd59581dc924476c2d2557547855087264,1
56611,0,"Howell O'Connell DVM",c37fc96e1c9bb550e5da1648aa166166547871602480,1
97184,0,"Rodrigo Lavon Donnelly",c0f13a3413cb98dcee7fbfa5bbedd9c7547855113184,1
65690,0,"Miss Patricia PhD",ab861cb481afe8c04867187f7bf33da1547855111936,0
84161,0,"Paula V Rogahn",4df9b19dec4bae3e74d46359a36219e4547855273312,0
83764,0,"Paula Grady V",7838b40ee736b7d6a915443eacb5217e547855096272,1
72001,0,"Braeden Rohan DVM",780ff08ae0124cc0785e4018ee905304547855113952,0
80913,0,"Annamarie Rigoberto Blanda",217a6b1557e6835acd2d3086168b94e4547855086352,1
73780,0,"Harmony Rogahn Hamill",f1e53bb432b65fd0dfdd4974a7986ea1547855136512,1
47574,0,"Dawn Joshua Rohan",971c3914ecacfb9b523fe2fe257f7d1b547855086256,1
56703,0,"Christop Hahn V",d25c71a78009cd329e68080f47b5c5ad547855272880,1
20579,0,"Rita Rogahn",618729de253c0025be7ac608b51b72f6547855095648,1
84870,0,"Lavon Predovic Corkery",dc2a7e559cf92a22c1ef9ba4fb1e2388547855127552,1
95843,0,"Brendan Delia Hilpert",f8d337a6c3242408fed15464269e0b59547855382368,1
50865,0,"Ashlee Nakia DVM",cb9b5dbc41b466309483ade1ea59004c547855088032,1
57538,0,"Lavon Bogisich Morissette",f78d741f86ac5928255038329a8f0f78547855088608,1
58102,0,"Harmony Nakia Rosenbaum",28ffab30996a0c2e4b4f40beab8f9cfd547855087840,1
23562,0,"Mason Curt II",6d3ddbbf92d9f7b1ea08a86b4c1ddc79547855136800,1
39395,0,"Howell Rodrigo II",b475a356eddb79023343e4c860fce925547855113664,1
80422,0,"Glennie Rodrigo Morissette",c6cdb991d5c4595e56306399f8adc799547855112992,1
91597,0,"Abby IV Rogahn",e3a8b40b1bc879c8a2b630cbeb8e7a5b547855111168,1
47369,0,"Shaylee Ashlee Corkery",e4f9db4cb46a6121adda36deba3737b5547855136992,1
71266,0,"Abby IV Kuvalis",3f30a48a99f2b4d9b043426297be8204547855112800,0
59872,0,"Rita Rogahn",618729de253c0025be7ac608b51b72f6547855095648,1
93047,0,"Glennie Rodrigo Morissette",c6cdb991d5c4595e56306399f8adc799547855112992,1
96723,0,"Christop I Rosenbaum",7aac8f9f7f78f3193177a1c46c1cc2cd547855129184,1
95302,0,"Nakia Harmony Johnston",a8d45629518335d60622caa29d752df7547855088800,1
35209,0,"Audreanne Nikita Schumm",8332498f4068e91f7f976d8eb4e730b5547855382608,1
92184,0,"Rigoberto Shaylee Rosenbaum",c6e077f0de28b4be3f0a92ad7fdafc0d547855129952,1
20045,0,"Jordan II I",92f5bc689d3475a886dcd5298d52a965547855113376,1
53445,0,"Skyla Jordan Mosciski",baf0caf6a36f47c8ac2dede9ed3198d7547855111840,1
51318,0,"Patricia Hassie I",e5d05c975dcc81265b0425b65d4f9d93547855096320,1
69859,0,"Brendan Rohan Mosciski",8a3a9df1d34e0a20b78aafbc9609318e547855137472,1
24964,0,"Cristopher Crooks Considine",99af1f4f2d28098adb38281fc4728d46547855096992,1
55704,0,"Shaylee Marilou II",2996add5fbac90d3c20f949d73fc8cc6547855129376,1
31495,0,"Brendan Delia Hilpert",f8d337a6c3242408fed15464269e0b59547855382368,1
70484,0,"Cristopher Predovic V",fd9e96424ef2f12314fb4248352f4bed547855137664,1
35914,0,"Harmony Braeden Donnelly",aa21a0fbd21415dfe2dcc4d57f49eaaf547855111360,1
82072,0,"Ashlee Zula Gorczany",d210ea775e3fc24f0fcc571720162e03547855088320,1
83394,0,"Paula Morissette Hilpert",a1b0910dcbf27b7ac2c7914de2834ba2547855112128,1
20656,0,"Curt Gorczany",b29b1abe26d6f1dae4197be86fc0b053547855093824,1
40392,0,"Audreanne DVM Blanda",bdf89231d57e9d734179ef89f82a9bb0547855114048,1
90315,0,"Abby Audreanne Pouros",2e2dece9df0d670b064486214778171d547855086400,1
19112,0,"Lee Rohan Morissette",7371714b685e03bbb21f048456a4f840547855384048,1
78612,0,"Glennie Abernathy Pouros",faa07a7a874bbb36adceb115e53d72af547855126688,1
19065,0,"Harmony II V",cfeb9c81228daa69485edcb33946543c547855135744,1
66510,0,"Nakia Schumm",3ba314eaaa9e64d9aeb833b172b80d91547855095072,1
98279,0,"Hassie Rogahn Kuvalis",c5ee10bb658029c96c7f8b577ddca84f547855088992,1
40819,0,"Rita Rogahn",618729de253c0025be7ac608b51b72f6547855095648,1
45366,0,"Nakia Alessandro DVM",e9b065cc692493d9dce90ca2a66bddf1547855127264,1
28706,0,"Mason Mason Rohan",809e9c01673c313be2de7a3f60c3a212547855110688,1
92427,0,"Jordan Jordan Bogisich",7fde529fbee58f74d7c79c29fa9a8bfd547855096368,0
56075,0,"Miss Joshua Lehner",c51a0527816cb5a8014ebaf9406b3ec7547855097280,1
43988,0,"Nakia DVM PhD",2301047c5e2f8dbadd5330a6de4c865a547855110304,0
38335,0,"Everett Schumm DVM",28c9a363e48ec31050ecec7732b0d633547855094736,0
67854,0,"Howell O'Connell DVM",c37fc96e1c9bb550e5da1648aa166166547871602480,1
47432,0,"Nakia Lavon Rohan",071b4cb90df38e961e6c4d81ae165eee547855129280,1
65635,0,"Abby Mosciski Crooks",b259dbcbf3fd0ff90a7f8a8863540a24547855111456,1
21250,0,"Dawn Blanda Hilpert",b2e03400cd338d0d330ff951526ea3d7547855137952,0
64845,0,"Jordan Jr. Blanda",58e457f833e15ad73ab25f298a5e4bdd547855093920,1
20701,0,"Patricia Cristopher Donnelly",46ca3b194fc49c2d96e8d5d031a2c03c547855085776,0
51691,0,"Glennie Morissette Zieme",620a5d8a04bb94469d8d7b7cd849afbc547855381600,1
91167,0,"Lavon Jordan Kuvalis",3dc9721a89ed3dd6666d06582a800891547855110880,1
88049,0,"Esta II Lindgren",b8fd4c831edf3f9ad3be82bbafb433c5547855137088,1
76607,0,"Nakia Harmony Johnston",a8d45629518335d60622caa29d752df7547855088800,1
28244,0,"Skyla Jordan Mosciski",baf0caf6a36f47c8ac2dede9ed3198d7547855111840,1
49121,0,"Braeden Morissette",f5dde45733f32707fbf4f7c54506afcb547855096224,1
26484,0,"Delia Nakia DVM",61a8417bb60feb1fdb40ddde67a97214547855112224,1
41133,0,"Lavon Sporer PhD",2e0e6c8ad603b27968b2b90ab273bfbf547855094256,1
94852,0,"Hassie Abernathy Jr.",84b965ce375fa0453b3887ccf98c8c11547855273360,1
20533,0,"Nikita Brendan Morissette",53b28ff18b65eeeea276e5e31fe95a9b547855136704,0
84268,0,"Howell O'Connell DVM",c37fc96e1c9bb550e5da1648aa166166547871602480,1
88961,0,"Shaylee Herman Balistreri",ee638b997f66ad9c0ca9cde377bda8a0547855095216,0
80290,0,"Nakia Alessandro DVM",e9b065cc692493d9dce90ca2a66bddf1547855127264,1
60083,0,"Audreanne Nikita Schumm",8332498f4068e91f7f976d8eb4e730b5547855382608,1
82654,0,"Everett Schumm DVM",28c9a363e48ec31050ecec7732b0d633547855094736,1
55359,0,"Dawn V Rogahn",1e8dd3d8c861d09c0ab46ce5d3728515547855127168,0
57541,0,"Brendan Pouros",43eaabc183451914246f6b809b16d104547855096560,1
58666,0,"Rigoberto Crooks IV",69f2d2194be32a9a77927f6ac8d96a93547855113760,1
88323,0,"Lavon Balistreri",902ebd1a647c71dcb78e9ab9b02f104a547855095264,1
86087,0,"Paula Rolfson Rogahn",49899789fca9e43a7fdf29a6bfe990d1547855111648,1
62325,0,"Lavon Balistreri",902ebd1a647c71dcb78e9ab9b02f104a547855095264,1
71879,0,"Zula Predovic Rosenbaum",71bbb427b904f407434beb89679f5a32547855383808,1
66967,0,"Nikita Balistreri V",a5417f64895b3a79250588d42979f409547855089472,0
45781,0,"Audreanne DVM Blanda",bdf89231d57e9d734179ef89f82a9bb0547855114048,0
36754,0,"Audreanne Delia Hamill",1f4b16a747426dc0739e1ed36cfb3bb1547855110592,1
17281,0,"Ashlee O'Connell Kuvalis",88e1915a60ee1acc45e5a4f945e5acbb547855086592,1
95647,0,"Rodrigo Rigoberto Zieme",27c618ed28bfe0e959fcd05b4f4e8b37547855110976,1
83582,0,"Harmony Rogahn Hamill",f1e53bb432b65fd0dfdd4974a7986ea1547855136512,0
83017,0,"Mason Lavon Rosenbaum",16061a2d6b14a91996803f84408c85c4547855096656,1
64275,0,"Dawn Joshua Rohan",971c3914ecacfb9b523fe2fe257f7d1b547855086256,0
26986,0,"Patricia Leatha Mosciski",b8866f75e9745052d2f07f55b94ea820547855384240,1
23653,0,"Nikita Balistreri V",a5417f64895b3a79250588d42979f409547855089472,1
96974,0,"Joshua Herman",63da281c793267f51645303c8f181d19547855096608,1
65374,0,"Annamarie Grimes Morissette",5136823c0060a9ca497d750b5623c549547855382896,1
61960,0,"Rodrigo Rigoberto Zieme",27c618ed28bfe0e959fcd05b4f4e8b37547855110976,1
77618,0,"Esta II Lindgren",b8fd4c831edf3f9ad3be82bbafb433c5547855137088,1
34822,0,"Dawn V Rogahn",1e8dd3d8c861d09c0ab46ce5d3728515547855127168,1
10394,0,"Christop Herman Johnston",d2124457efab6db3726492d9f447ed02547855095504,1
14329,0,"Audreanne Shaylee Considine",024d92e982867a2d854b0e205a687ea7547855272208,1
92027,0,"Audreanne DVM Blanda",bdf89231d57e9d734179ef89f82a9bb0547855114048,1
97007,0,"Rigoberto Esta Gorczany",4298c69378208e8fc85458dd7ff3cdca547855097760,0
27300,0,"Paula Devan Jr.",9d61f98f8937eade970101f3bdfcf0ba547855113472,1
79602,0,"Hassie Rogahn Kuvalis",c5ee10bb658029c96c7f8b577ddca84f547855088992,1
39927,0,"Shaylee Ashlee Donnelly",86270e39c6199219f76cfd45b46df085547855112512,0
47051,0,"Audreanne Blanda",1ce92f0831f74baefb612bd3d91c6d76547870653984,1
25460,0,"Shaylee Morissette Blanda",ea09142db2dfc00c035453e5cd86840f547855135264,1
80529,0,"Christop Herman Johnston",d2124457efab6db3726492d9f447ed02547855095504,1
56228,0,"Patricia Predovic",fabd53ae5fcbb253db391f1962aa7a30547855757472,1
20910,0,"Rodrigo Hahn PhD",d9d68f1dacc42928e065212ce795a789547855127072,1
25783,0,"Shaylee Morissette Blanda",ea09142db2dfc00c035453e5cd86840f547855135264,1
88862,0,"Audreanne Lehner Rohan",5331cb5fabee415886b235a9159a670f547855130144,1
22785,0,"Skyla Leatha Grimes",1c2a33d750f0e8612411b0abb0e35161547855128416,1
10317,0,"Zula Glennie Rosenbaum",030c075cac78540eca072072f9cbcc8b547855085872,1
67654,0,"Rigoberto Crooks IV",69f2d2194be32a9a77927f6ac8d96a93547855113760,1
58762,0,"Joshua Morissette Bogisich",10ca68a4c3e8023dfeb8bcd04acbeb09547855137856,1
22932,0,"Everett Jakubowski Gorczany",5327dba5c2020197230de0b0a17236de547855089088,1
57296,0,"Braeden Grady Considine",e6a7770b120242fd216c172be2c66ff2547855135840,0
80321,0,"Leatha Zieme",734fab16adf42b2e467276c0acf67271547855759200,1
14834,0,"Audreanne Jakubowski Lindgren",49795b8139953912bb17965fdea4cc81547855130432,1
15390,0,"Zula Donnelly DVM",52d4f842a6955283586d9f385272c8a5547855088896,1
19325,0,"Dawn Grimes",5278d09136eebe87d1de9fd4c45f4137547855094928,1
33675,0,"Annamarie Sporer DVM",2676c05dcd9559f12d35e19f6f28bde6547855273504,1
13884,0,"Everett Considine Bogisich",8852b006e85850e84cbddcf62f25eefb547855094208,0
40776,0,"Paula DVM Zieme",698b795adff81459d1335b1de86611d0547855111744,1
66055,0,"Shaylee Rigoberto Rogahn",40c3d31baa5570b1c132f35b974df293547855110496,1
18757,0,"Delia Johnston Jr.",ea0cf50bbfaf51523557f0939f52de8f547855096176,1
99149,0,"Patricia Cristopher Donnelly",46ca3b194fc49c2d96e8d5d031a2c03c547855085776,1
24722,0,"Esta II Lindgren",b8fd4c831edf3f9ad3be82bbafb433c5547855137088,0
84667,0,"Alessandro II Rogahn",b6a3519178ed8b69aa7cea0e36e5112e547855087648,1
31825,0,"Ashlee O'Connell Kuvalis",88e1915a60ee1acc45e5a4f945e5acbb547855086592,1
49338,0,"Lavon Patricia Gorczany",3655fba292c684becaaeae4c67d7e3d3547855086496,1
48023,0,"Zula Considine Blanda",5a7df174dfd863443aa9e4d6d544e1b5547855273120,1
60695,0,"Cristopher Crooks Considine",99af1f4f2d28098adb38281fc4728d46547855096992,1
66200,0,"Nakia Nakia I",0dc313b56bf5d1c94a8abaf49ab7a1d7547855135648,1
50137,0,"Paula DVM Zieme",698b795adff81459d1335b1de86611d0547855111744,1
19560,0,"Mason Mason Rohan",809e9c01673c313be2de7a3f60c3a212547855110688,1
22051,0,"Abby Hilpert Zieme",725bc05ea095a40f8b4b1374c507277d547855272496,1
94951,0,"Hassie Jordan Gorczany",fd227f51e09ad8f34854292a9db05644547855127456,1
95991,0,"Harmony Nakia Rosenbaum",28ffab30996a0c2e4b4f40beab8f9cfd547855087840,1
89446,0,"Shaylee Herman Balistreri",ee638b997f66ad9c0ca9cde377bda8a0547855095216,1
28426,0,"Braeden Lee Lehner",1ecd1f591ffe9b94f88e57582e72a53b547855136128,1
38557,0,"Rodrigo Hahn Rohan",390fbaa17013fc7158b91f588bf14c4e547855110400,1
63690,0,"Rodrigo Rigoberto Zieme",27c618ed28bfe0e959fcd05b4f4e8b37547855110976,1
77875,0,"Rodrigo Lavon Donnelly",c0f13a3413cb98dcee7fbfa5bbedd9c7547855113184,1
99604,0,"Annamarie Rigoberto Blanda",217a6b1557e6835acd2d3086168b94e4547855086352,1
53126,0,"Nikita Corkery Jr.",1ed8bf14da3ab745db972df3f7e24fe1547855384288,1
29305,0,"Lee Harmony Kuvalis",c72551fba1f54d81564dcac3ef58f712547855134784,1
80387,0,"Lee Considine",02a62d6a0c88c4e61dc0ac176aa16013547855383088,1
20872,0,"Abby IV Kuvalis",3f30a48a99f2b4d9b043426297be8204547855112800,1
14470,0,"Lavon Jordan Kuvalis",3dc9721a89ed3dd6666d06582a800891547855110880,1
75921,0,"Annamarie Grimes Morissette",5136823c0060a9ca497d750b5623c549547855382896,1
49497,0,"Curt Balistreri Zieme",6056582a24f0b480c941e33f2d3cbbc7547855384432,0
87248,0,"Glennie Crooks",4685498473df60f01cad775b9a8052f6547855096848,0
44529,0,"Mason Esta PhD",fdd81ade104cbffb3ce818b8681c51d2547855136320,1
93757,0,"Patricia Esta Rogahn",90bf07ef2ac22a6fe96d90da3f1760b6547855096080,1
53437,0,"Alessandro Lee Considine",fc7961178ef6b6ccb7b51bebea79414f547855086784,1
13908,0,"Everett Jakubowski Gorczany",5327dba5c2020197230de0b0a17236de547855089088,1
99026,0,"Zula Goodwin II",824b92044e0113894d9a12f1daf967d5547855095408,1
68275,0,"Paula Devan Jr.",9d61f98f8937eade970101f3bdfcf0ba547855113472,1
19023,0,"Curt Balistreri Zieme",6056582a24f0b480c941e33f2d3cbbc7547855384432,1
24710,0,"Patricia Leatha Mosciski",b8866f75e9745052d2f07f55b94ea820547855384240,1
72678,0,"Rodrigo Johnston",af6186e102e64c0abe609ba90bc9ecfb547855096464,1
90177,0,"Annamarie Sporer DVM",2676c05dcd9559f12d35e19f6f28bde6547855273504,1
83482,0,"Audreanne DVM Blanda",bdf89231d57e9d734179ef89f82a9bb0547855114048,1
48670,0,"Brendan Rohan Mosciski",8a3a9df1d34e0a20b78aafbc9609318e547855137472,1
42088,0,"Rodrigo Lavon Donnelly",c0f13a3413cb98dcee7fbfa5bbedd9c7547855113184,1
27818,0,"Shaylee Jordan II",c4193f261202937b11e9f45a25245bb4547855095936,1
92234,0,"Jordan Jordan Bogisich",7fde529fbee58f74d7c79c29fa9a8bfd547855096368,0
96934,0,"Abby Mosciski Crooks",b259dbcbf3fd0ff90a7f8a8863540a24547855111456,1
70721,0,"Devan Mosciski Predovic",e378ec604bfb2a3ee6b754dc27115ec9547855129568,1
57897,0,"Braeden Rohan DVM",780ff08ae0124cc0785e4018ee905304547855113952,1
28406,0,"Mason Esta PhD",fdd81ade104cbffb3ce818b8681c51d2547855136320,1
56650,0,"Harmony Nakia Rosenbaum",28ffab30996a0c2e4b4f40beab8f9cfd547855087840,1
76407,0,"Zula Predovic Rosenbaum",71bbb427b904f407434beb89679f5a32547855383808,1
18634,0,"Christop Herman Johnston",d2124457efab6db3726492d9f447ed02547855095504,0
15340,0,"Zula Considine Blanda",5a7df174dfd863443aa9e4d6d544e1b5547855273120,1
36793,0,"Curt Balistreri Zieme",6056582a24f0b480c941e33f2d3cbbc7547855384432,1
22257,0,"Ashlee O'Connell Kuvalis",88e1915a60ee1acc45e5a4f945e5acbb547855086592,1
45217,0,"Hassie Dawn Zieme",65360fdd1484196189b4f220ee8b9202547855382752,1
71197,0,"Shaylee Marilou II",2996add5fbac90d3c20f949d73fc8cc6547855129376,1
70057,0,"Zula Goodwin II",824b92044e0113894d9a12f1daf967d5547855095408,1
34209,0,"Nikita Rogahn Corkery",7126e5023464cf07177a1afe457d9844547855095888,1
36845,0,"Shaylee Mosciski",191fc3af0f05f19148a4523230e75685547855382032,1
90556,0,"Audreanne Nikita Schumm",8332498f4068e91f7f976d8eb4e730b5547855382608,1
43110,0,"Harmony Rogahn Hamill",f1e53bb432b65fd0dfdd4974a7986ea1547855136512,0
15825,0,"Audreanne Hans V",411d35a4847fa71a6510a5fe3750be02547855088704,1
10526,0,"Hassie Rogahn Kuvalis",c5ee10bb658029c96c7f8b577ddca84f547855088992,1
52777,0,"Abby IV Rogahn",e3a8b40b1bc879c8a2b630cbeb8e7a5b547855111168,1
89636,0,"Ashlee Marilou Jr.",67315fc2e7dbbc2d42a85f0e8481f859547855127840,0
67975,0,"Howell Jordan DVM",2805c3e33cb795089c36ae3c58532c98547855126784,1
59766,0,"Rigoberto Bogisich",75424fdd0144b3d827c6ab248781547f547855272976,1
89222,0,"Rodrigo Hahn Rohan",390fbaa17013fc7158b91f588bf14c4e547855110400,1
86892,0,"Audreanne Zieme Lehner",0c9dd022ace91c381c86ab6404d2e2dd547855086880,1
36051,0,"Dawn Joshua Rohan",971c3914ecacfb9b523fe2fe257f7d1b547855086256,1
13626,0,"Esta Joshua DVM",bd28913d2e452d958c990f7aea024c9a547855087552,1
22117,0,"Mason Nikita Gorczany",ca37a2d619a5cfeca5b8dd7d9fb78abf547855130240,0
49547,0,"Shaylee Curt Corkery",3cc681c5a73a6c3f11dfcafce461c7de547855110784,1
13031,0,"Annamarie Rohan II",c0dbd626e185167972edb29d2dd4145b547855096128,0
67721,0,"Esta II Lindgren",b8fd4c831edf3f9ad3be82bbafb433c5547855137088,1
93679,0,"Leatha Alessandro Donnelly",390c22bb0c5d7b48b7a4df5c5e0b20f5547855086688,1
43996,0,"Dawn Johnston Jr.",ebe55dcebc606806deb55ea1ac30b9ce547855130048,1
71927,0,"Leatha Everett Considine",43c887b2ac1fb39577e8ee873cd8003c547855134880,1
62415,0,"Lee Rohan Bogisich",00b0eb0a76da4641337d72442f978a8a547855113280,1
63349,0,"Shaylee Jordan II",c4193f261202937b11e9f45a25245bb4547855095936,1
20863,0,"Abby Hilpert",1bea2b724a3216acfaec49ffcf191bbb547855095840,1
23662,0,"Lavon Patricia Gorczany",3655fba292c684becaaeae4c67d7e3d3547855086496,1
28660,0,"Paula Blanda DVM",b5d568d9ddb0224347a03de417ace91e547855128032,1
42060,0,"Braeden Rosenbaum Lindgren",5e83a205529616797c8f7b6e0a1a5f27547855129856,1
25484,0,"Shaylee Rigoberto Rogahn",40c3d31baa5570b1c132f35b974df293547855110496,1
78064,0,"Rodrigo Rogahn PhD",7fdec4ec97caa328d868e10655631cd2547855126592,1
60569,0,"Lee Rita Rogahn",215186fa948fa72333c365132bbb96ee547855113088,1
44354,0,"Mason Mason Rohan",809e9c01673c313be2de7a3f60c3a212547855110688,0
64085,0,"Ashlee Marilou Jr.",67315fc2e7dbbc2d42a85f0e8481f859547855127840,1
72602,0,"Skyla Christop DVM",f056aa90d1ff1f2c5b989249572de6e8547855128992,1
38523,0,"Curt Lee Lindgren",736a12a8a9ea75d68b458cc896aec4e5547855138240,1
17872,0,"Patricia Gerhold II",2b933672c3125840abec4f47142a10fe547855382992,1
81531,0,"Audreanne DVM Blanda",bdf89231d57e9d734179ef89f82a9bb0547855114048,1
51659,0,"Harmony Nakia Rosenbaum",28ffab30996a0c2e4b4f40beab8f9cfd547855087840,1
64201,0,"Mason Mason Rohan",809e9c01673c313be2de7a3f60c3a212547855110688,1
52069,0,"Rodrigo Rodrigo Crooks",c34996a6d6efb5eae817512399b4546c547855087936,1
35035,0,"Abby Mosciski Crooks",b259dbcbf3fd0ff90a7f8a8863540a24547855111456,1
83809,0,"Glennie Crooks Balistreri",eeb712ff7a5517dd11d2887384c69dc9547855112704,1
78014,0,"Glennie Abernathy Pouros",faa07a7a874bbb36adceb115e53d72af547855126688,1
48862,0,"Delia Nakia DVM",61a8417bb60feb1fdb40ddde67a97214547855112224,1
82808,0,"Audreanne Blanda",1ce92f0831f74baefb612bd3d91c6d76547870653984,1
46196,0,"Paula Mosciski Considine",eb46bb744be871a7309078ad7cf96370547855089280,1
44546,0,"Lavon Bogisich Morissette",f78d741f86ac5928255038329a8f0f78547855088608,1
96406,0,"Ashlee Rigoberto Blanda",08899f6289d56b520a7c83eb034906d2547855128896,1
26394,0,"Audreanne V DVM",939a789dfbea1313a4eec36f24e47466547855126880,1
47212,0,"Joshua Morissette Bogisich",10ca68a4c3e8023dfeb8bcd04acbeb09547855137856,1
66760,0,"Audreanne Nikita Schumm",8332498f4068e91f7f976d8eb4e730b5547855382608,1
58964,0,"Braeden Lee Lehner",1ecd1f591ffe9b94f88e57582e72a53b547855136128,1
73647,0,"Miss Considine Morissette",9d3dd85337e2e9d25cfdbde077bf8733547855089184,1
10046,0,"Braeden Predovic DVM",a73d416621d8e12b76e8fdd2484885c5547855135168,1
45641,0,"Shaylee Rigoberto Rogahn",40c3d31baa5570b1c132f35b974df293547855110496,0
18888,0,"Esta Joshua DVM",bd28913d2e452d958c990f7aea024c9a547855087552,1
47867,0,"Joshua Brendan Rosenbaum",823fee4d0ef5095dbd6e6604f86483f9547855129664,1
60512,0,"Hassie Abernathy Jr.",84b965ce375fa0453b3887ccf98c8c11547855273360,1
59354,0,"Cristopher Schumm V",ccb3d2d83b483cf45e93737d514f302c547855137280,0
18993,0,"Rodrigo Rogahn PhD",7fdec4ec97caa328d868e10655631cd2547855126592,1
64889,0,"Shaylee Ashlee Corkery",e4f9db4cb46a6121adda36deba3737b5547855136992,1
21689,0,"Cristopher Mosciski DVM",a3ac3a8033f076b8bfcb3181cf8dcab3547855094688,1
40861,0,"Brendan Rohan Mosciski",8a3a9df1d34e0a20b78aafbc9609318e547855137472,1
10118,0,"Patricia Patricia II",7cc6620c6c1035fbd341430a6ce724f8547855383376,1
96387,0,"Dawn Grimes",5278d09136eebe87d1de9fd4c45f4137547855094928,1
31248,0,"Rigoberto Miss Rogahn",4d234980b4da839bcda4a51914c3a710547855087456,1
53081,0,"Skyla DVM II",622b0bfb5257a15178d9ba8261cbc41e547855087360,1
83917,0,"Howell Christop Balistreri",90f92f1126ed9cedd5a86f6a1ce19fb7547855127360,1
12772,0,"Audreanne Rosenbaum",a44e6853f5acde6c4aae57bf3a75b7e7547855381792,1
54357,0,"Christop I Rosenbaum",7aac8f9f7f78f3193177a1c46c1cc2cd547855129184,0
55555,0,"Audreanne Blanda",1ce92f0831f74baefb612bd3d91c6d76547870653984,1
93835,0,"Patricia Leatha Mosciski",b8866f75e9745052d2f07f55b94ea820547855384240,1
28645,0,"Hans Corkery",9b44cb416f4d413fefcfb6e841872e01547855095696,1
94277,0,"Hans Mosciski DVM",9c3cc940bbbc5b891ea7e85d4924dc85547855089568,1
98549,0,"Leatha Everett Considine",43c887b2ac1fb39577e8ee873cd8003c547855134880,0
40184,0,"Miss Patricia PhD",ab861cb481afe8c04867187f7bf33da1547855111936,1
19031,0,"Joshua Brendan Rosenbaum",823fee4d0ef5095dbd6e6604f86483f9547855129664,1
40791,0,"Abby Audreanne Pouros",2e2dece9df0d670b064486214778171d547855086400,0
82720,0,"Hassie Abernathy Jr.",84b965ce375fa0453b3887ccf98c8c11547855273360,1
37396,0,"Hassie Dawn Zieme",65360fdd1484196189b4f220ee8b9202547855382752,1
43991,0,"Lee Lavon II",32eb1242b768f9da74ba8a8077b79e9e547855137184,1
99243,0,"Lee Considine",02a62d6a0c88c4e61dc0ac176aa16013547855383088,1
34132,0,"Patricia Patricia II",7cc6620c6c1035fbd341430a6ce724f8547855383376,1
17649,0,"Esta Sporer Hilpert",9a2c10232248aa504c9566f63e8627bd547855136224,1
40285,0,"Braeden Rosenbaum Lindgren",5e83a205529616797c8f7b6e0a1a5f27547855129856,1
96729,0,"Leatha Zieme",734fab16adf42b2e467276c0acf67271547855759200,1
18371,0,"Zula II Morissette",29a4134fd38d992c9c7c16f06b13254f547855130528,1
36402,0,"Audreanne Nikita Schumm",8332498f4068e91f7f976d8eb4e730b5547855382608,1
58835,0,"Devan Annamarie Mosciski",d1531e600c9f70feac8b0213cf52a8ca547855137760,1
99201,0,"Annamarie Gerhold Predovic",6d75322469c988b06e08ffc61a3ea40a547855128224,1
87527,0,"Annamarie Gerhold Predovic",6d75322469c988b06e08ffc61a3ea40a547855128224,1
92786,0,"Patricia Hassie I",e5d05c975dcc81265b0425b65d4f9d93547855096320,1
86233,0,"Lavon Predovic Corkery",dc2a7e559cf92a22c1ef9ba4fb1e2388547855127552,1
81583,0,"Delia Nakia DVM",61a8417bb60feb1fdb40ddde67a97214547855112224,1
93639,0,"Lavon Bogisich Morissette",f78d741f86ac5928255038329a8f0f78547855088608,1
43255,0,"Esta Crooks I",af754d2de7bd59581dc924476c2d2557547855087264,1
25379,0,"Lee Hans Mosciski",1b5463799e250f5dd53c820345705177547855138048,1
72361,0,"Jordan Jordan Bogisich",7fde529fbee58f74d7c79c29fa9a8bfd547855096368,0
84406,0,"Lavon Jordan Kuvalis",3dc9721a89ed3dd6666d06582a800891547855110880,1
71206,0,"Miss Patricia PhD",ab861cb481afe8c04867187f7bf33da1547855111936,1
84105,0,"Devan II Pouros",072e85109944b27b26dd55665cfcc762547855136416,1
13356,0,"Lee Rohan Morissette",7371714b685e03bbb21f048456a4f840547855384048,1
