moment,account_number,value,description,account_balance
"2024-06-11 18:37:15",13884,379.0,"Transaction description",379.0
"2024-06-11 18:37:16",36051,665.0,"Transaction description",665.0
"2024-06-11 18:37:17",57541,781.0,"Transaction description",1113.0
"2024-06-11 18:37:18",93047,442.0,"Transaction description",3294.0
"2024-06-11 18:37:19",95014,445.0,"Transaction description",2194.0
"2024-06-11 18:37:20",95609,531.0,"Transaction description",5577.0
"2024-06-11 18:37:21",72001,175.0,"Transaction description",9905.0
"2024-06-11 18:37:22",41133,492.0,"Transaction description",6035.0
"2024-06-11 18:37:23",34209,168.0,"Transaction description",7221.0
"2024-06-11 18:37:24",47369,834.0,"Transaction description",9028.0
"2024-06-11 18:37:25",13775,877.0,"Transaction description",13658.0
"2024-06-11 18:37:26",84105,372.0,"Transaction description",13915.0
"2024-06-11 18:37:27",93835,600.0,"Transaction description",20107.0
"2024-06-11 18:37:28",71206,893.0,"Transaction description",14903.0
"2024-06-11 18:37:29",59907,775.0,"Transaction description",16871.0
"2024-06-11 18:37:30",61632,424.0,"Transaction description",24824.0
"2024-06-11 18:37:31",40285,139.0,"Transaction description",21824.0
"2024-06-11 18:37:32",22186,837.0,"Transaction description",24301.0
"2024-06-11 18:37:33",23398,867.0,"Transaction description",31506.0
"2024-06-11 18:37:34",65544,393.0,"Transaction description",29357.0
"2024-06-11 18:37:35",95655,424.0,"Transaction description",27155.0
"2024-06-11 18:37:36",15340,813.0,"Transaction description",27960.0
"2024-06-11 18:37:37",28260,148.0,"Transaction description",36991.0
"2024-06-11 18:37:38",35914,398.0,"Transaction description",37442.0
"2024-06-11 18:37:39",89262,912.0,"Transaction description",42548.0
"2024-06-11 18:37:40",13964,52.0,"Transaction description",44775.0
"2024-06-11 18:37:41",82788,74.0,"Transaction description",46884.0
"2024-06-11 18:37:42",21689,223.0,"Transaction description",51337.0
"2024-06-11 18:37:43",78612,596.0,"Transaction description",59884.0
"2024-06-11 18:37:44",20233,342.0,"Transaction description",58177.0
"2024-06-11 18:37:45",31248,749.0,"Transaction description",54984.0
"2024-06-11 18:37:46",45366,900.0,"Transaction description",56680.0
"2024-06-11 18:37:47",23653,497.0,"Transaction description",56064.0
"2024-06-11 18:37:48",94852,282.0,"Transaction description",65180.0
"2024-06-11 18:37:49",64201,352.0,"Transaction description",58557.0
"2024-06-11 18:37:50",56630,1000.0,"Transaction description",79265.0
"2024-06-11 18:37:51",83482,242.0,"Transaction description",79984.0
"2024-06-11 18:37:52",41655,61.0,"Transaction description",77777.0
"2024-06-11 18:37:53",84127,515.0,"Transaction description",70246.0
"2024-06-11 18:37:54",33088,692.0,"Transaction description",82230.0
"2024-06-11 18:37:55",23398,25.0,"Transaction description",88615.0
"2024-06-11 18:37:56",38523,265.0,"Transaction description",97943.0
"2024-06-11 18:37:57",31912,607.0,"Transaction description",89902.0
"2024-06-11 18:37:58",95014,614.0,"Transaction description",95288.0
"2024-06-11 18:37:59",36636,548.0,"Transaction description",85201.0
"2024-06-11 18:38:00",59473,754.0,"Transaction description",101666.0
"2024-06-11 18:38:01",96934,163.0,"Transaction description",80182.0
"2024-06-11 18:38:02",25482,524.0,"Transaction description",103880.0
"2024-06-11 18:38:03",34822,25.0,"Transaction description",99897.0
"2024-06-11 18:38:04",21686,576.0,"Transaction description",111633.0
"2024-06-11 18:38:05",83669,244.0,"Transaction description",106717.0
"2024-06-11 18:38:06",95655,693.0,"Transaction description",98214.0
"2024-06-11 18:38:07",84127,611.0,"Transaction description",99626.0
"2024-06-11 18:38:08",14049,584.0,"Transaction description",106399.0
"2024-06-11 18:38:09",58762,576.0,"Transaction description",123527.0
"2024-06-11 18:38:10",22117,849.0,"Transaction description",110129.0
"2024-06-11 18:38:11",48862,854.0,"Transaction description",126602.0
"2024-06-11 18:38:12",18371,977.0,"Transaction description",114194.0
"2024-06-11 18:38:13",44354,40.0,"Transaction description",115289.0
"2024-06-11 18:38:14",52694,806.0,"Transaction description",133319.0
"2024-06-11 18:38:15",50865,536.0,"Transaction description",117215.0
"2024-06-11 18:38:16",64628,368.0,"Transaction description",126020.0
"2024-06-11 18:38:17",97184,495.0,"Transaction description",114754.0
"2024-06-11 18:38:18",98186,588.0,"Transaction description",142246.0
"2024-06-11 18:38:19",88049,971.0,"Transaction description",163042.0
"2024-06-11 18:38:20",90177,865.0,"Transaction description",136902.0
"2024-06-11 18:38:21",95647,651.0,"Transaction description",128428.0
"2024-06-11 18:38:22",62325,169.0,"Transaction description",133778.0
"2024-06-11 18:38:23",54357,609.0,"Transaction description",143916.0
"2024-06-11 18:38:24",47432,301.0,"Transaction description",144400.0
"2024-06-11 18:38:25",95675,10.0,"Transaction description",161983.0
"2024-06-11 18:38:26",44936,92.0,"Transaction description",158490.0
"2024-06-11 18:38:27",74086,987.0,"Transaction description",156149.0
"2024-06-11 18:38:28",36100,371.0,"Transaction description",146004.0
"2024-06-11 18:38:29",78064,195.0,"Transaction description",155095.0
"2024-06-11 18:38:30",82072,889.0,"Transaction description",155232.0
"2024-06-11 18:38:31",28660,868.0,"Transaction description",158260.0
"2024-06-11 18:38:32",18993,836.0,"Transaction description",167998.0
"2024-06-11 18:38:33",66340,584.0,"Transaction description",172519.0
"2024-06-11 18:38:34",42088,311.0,"Transaction description",169120.0
"2024-06-11 18:38:35",22932,183.0,"Transaction description",154122.0
"2024-06-11 18:38:36",58835,797.0,"Transaction description",158643.0
"2024-06-11 18:38:37",22186,25.0,"Transaction description",157810.0
"2024-06-11 18:38:38",53437,714.0,"Transaction description",177436.0
"2024-06-11 18:38:39",89436,159.0,"Transaction description",173892.0
"2024-06-11 18:38:40",13626,305.0,"Transaction description",189763.0
"2024-06-11 18:38:41",37773,745.0,"Transaction description",186272.0
"2024-06-11 18:38:42",96406,431.0,"Transaction description",175289.0
"2024-06-11 18:38:43",73393,777.0,"Transaction description",200995.0
"2024-06-11 18:38:44",19483,366.0,"Transaction description",178833.0
"2024-06-11 18:38:45",89874,289.0,"Transaction description",174591.0
"2024-06-11 18:38:46",67715,134.0,"Transaction description",176524.0
"2024-06-11 18:38:47",43999,769.0,"Transaction description",209559.0
"2024-06-11 18:38:48",19790,360.0,"Transaction description",187907.0
"2024-06-11 18:38:49",40791,320.0,"Transaction description",184123.0
"2024-06-11 18:38:50",99243,376.0,"Transaction description",189772.0
"2024-06-11 18:38:51",28275,61.0,"Transaction description",202253.0
"2024-06-11 18:38:52",76505,300.0,"Transaction description",194734.0
"2024-06-11 18:38:53",84406,689.0,"Transaction description",186820.0
"2024-06-11 18:38:54",15848,713.0,"Transaction description",187541.0
"2024-06-11 18:38:55",43991,593.0,"Transaction description",204144.0
"2024-06-11 18:38:56",10317,531.0,"Transaction description",198685.0
"2024-06-11 18:38:57",95843,827.0,"Transaction description",194179.0
"2024-06-11 18:38:58",55704,198.0,"Transaction description",206559.0
"2024-06-11 18:38:59",38249,354.0,"Transaction description",208429.0
"2024-06-11 18:39:00",28372,155.0,"Transaction description",213994.0
"2024-06-11 18:39:01",89636,36.0,"Transaction description",199465.0
"2024-06-11 18:39:02",38249,842.0,"Transaction description",212103.0
"2024-06-11 18:39:03",76434,670.0,"Transaction description",209130.0
"2024-06-11 18:39:04",87527,593.0,"Transaction description",236916.0
"2024-06-11 18:39:05",36754,995.0,"Transaction description",217048.0
"2024-06-11 18:39:06",96363,587.0,"Transaction description",229989.0
"2024-06-11 18:39:07",23882,777.0,"Transaction description",219809.0
"2024-06-11 18:39:08",93208,854.0,"Transaction description",222206.0
"2024-06-11 18:39:09",84667,21.0,"Transaction description",226216.0
"2024-06-11 18:39:10",21021,393.0,"Transaction description",230946.0
"2024-06-11 18:39:11",78405,32.0,"Transaction description",217487.0
"2024-06-11 18:39:12",35534,692.0,"Transaction description",214971.0
"2024-06-11 18:39:13",49264,507.0,"Transaction description",241758.0
"2024-06-11 18:39:14",71266,980.0,"Transaction description",232513.0
"2024-06-11 18:39:15",41133,153.0,"Transaction description",215271.0
"2024-06-11 18:39:16",48391,945.0,"Transaction description",250264.0
"2024-06-11 18:39:17",49497,66.0,"Transaction description",232008.0
"2024-06-11 18:39:18",79602,862.0,"Transaction description",234604.0
"2024-06-11 18:39:19",59907,625.0,"Transaction description",259571.0
"2024-06-11 18:39:20",93208,956.0,"Transaction description",247724.0
"2024-06-11 18:39:21",90177,840.0,"Transaction description",255289.0
"2024-06-11 18:39:22",70484,530.0,"Transaction description",255445.0
"2024-06-11 18:39:23",67975,922.0,"Transaction description",233914.0
"2024-06-11 18:39:24",43996,418.0,"Transaction description",232858.0
"2024-06-11 18:39:25",84744,114.0,"Transaction description",254813.0
"2024-06-11 18:39:26",25006,756.0,"Transaction description",258261.0
"2024-06-11 18:39:27",12106,342.0,"Transaction description",254921.0
"2024-06-11 18:39:28",22257,281.0,"Transaction description",243814.0
"2024-06-11 18:39:29",40392,741.0,"Transaction description",279702.0
"2024-06-11 18:39:30",67975,913.0,"Transaction description",245256.0
"2024-06-11 18:39:31",22186,823.0,"Transaction description",245068.0
"2024-06-11 18:39:32",40776,395.0,"Transaction description",259337.0
"2024-06-11 18:39:33",82720,284.0,"Transaction description",277193.0
"2024-06-11 18:39:34",20045,125.0,"Transaction description",273958.0
"2024-06-11 18:39:35",18593,680.0,"Transaction description",267272.0
"2024-06-11 18:39:36",79421,462.0,"Transaction description",287251.0
"2024-06-11 18:39:37",50865,325.0,"Transaction description",252654.0
"2024-06-11 18:39:38",19483,227.0,"Transaction description",270320.0
"2024-06-11 18:39:39",93639,772.0,"Transaction description",278237.0
"2024-06-11 18:39:40",64275,899.0,"Transaction description",267923.0
"2024-06-11 18:39:41",94951,926.0,"Transaction description",264882.0
"2024-06-11 18:39:42",89262,468.0,"Transaction description",295022.0
"2024-06-11 18:39:43",96934,850.0,"Transaction description",252704.0
"2024-06-11 18:39:44",66000,18.0,"Transaction description",267718.0
"2024-06-11 18:39:45",38557,482.0,"Transaction description",279458.0
"2024-06-11 18:39:46",34209,718.0,"Transaction description",268961.0
"2024-06-11 18:39:47",12150,324.0,"Transaction description",291172.0
"2024-06-11 18:39:48",58835,667.0,"Transaction description",285547.0
"2024-06-11 18:39:49",28645,513.0,"Transaction description",297524.0
"2024-06-11 18:39:50",58666,518.0,"Transaction description",317636.0
"2024-06-11 18:39:51",47369,678.0,"Transaction description",292002.0
"2024-06-11 18:39:52",69085,392.0,"Transaction description",281369.0
"2024-06-11 18:39:53",83017,494.0,"Transaction description",322545.0
"2024-06-11 18:39:54",93679,723.0,"Transaction description",299157.0
"2024-06-11 18:39:55",29552,687.0,"Transaction description",306132.0
"2024-06-11 18:39:56",95843,961.0,"Transaction description",292636.0
"2024-06-11 18:39:57",40879,855.0,"Transaction description",301740.0
"2024-06-11 18:39:58",93983,23.0,"Transaction description",296335.0
"2024-06-11 18:39:59",52069,697.0,"Transaction description",313517.0
"2024-06-11 18:40:00",35151,183.0,"Transaction description",291397.0
"2024-06-11 18:40:01",71927,493.0,"Transaction description",304852.0
"2024-06-11 18:40:02",74493,449.0,"Transaction description",304449.0
"2024-06-11 18:40:03",61632,424.0,"Transaction description",319353.0
"2024-06-11 18:40:04",77875,684.0,"Transaction description",294845.0
"2024-06-11 18:40:05",51640,465.0,"Transaction description",312629.0
"2024-06-11 18:40:06",76505,445.0,"Transaction description",320779.0
"2024-06-11 18:40:07",21250,880.0,"Transaction description",311819.0
"2024-06-11 18:40:08",95302,425.0,"Transaction description",308524.0
"2024-06-11 18:40:09",98549,158.0,"Transaction description",296352.0
"2024-06-11 18:40:10",19065,658.0,"Transaction description",316855.0
"2024-06-11 18:40:11",13964,165.0,"Transaction description",327789.0
"2024-06-11 18:40:12",94277,313.0,"Transaction description",332268.0
"2024-06-11 18:40:13",70057,468.0,"Transaction description",311180.0
"2024-06-11 18:40:14",70721,400.0,"Transaction description",328134.0
"2024-06-11 18:40:15",52066,376.0,"Transaction description",335014.0
"2024-06-11 18:40:16",91828,301.0,"Transaction description",331341.0
"2024-06-11 18:40:17",95647,391.0,"Transaction description",323983.0
"2024-06-11 18:40:18",59907,387.0,"Transaction description",350878.0
"2024-06-11 18:40:19",83917,337.0,"Transaction description",323417.0
"2024-06-11 18:40:20",20910,40.0,"Transaction description",355620.0
"2024-06-11 18:40:21",18634,244.0,"Transaction description",329302.0
"2024-06-11 18:40:22",76407,762.0,"Transaction description",314477.0
"2024-06-11 18:40:23",48862,419.0,"Transaction description",344867.0
"2024-06-11 18:40:24",59354,978.0,"Transaction description",348200.0
"2024-06-11 18:40:25",83482,585.0,"Transaction description",363469.0
"2024-06-11 18:40:26",51640,748.0,"Transaction description",342312.0
"2024-06-11 18:40:27",91167,894.0,"Transaction description",371828.0
"2024-06-11 18:40:28",22932,19.0,"Transaction description",326289.0
"2024-06-11 18:40:29",23678,183.0,"Transaction description",377094.0
"2024-06-11 18:40:30",42105,4.0,"Transaction description",356602.0
"2024-06-11 18:40:31",41655,928.0,"Transaction description",370753.0
"2024-06-11 18:40:32",70484,351.0,"Transaction description",357697.0
"2024-06-11 18:40:33",31495,514.0,"Transaction description",327481.0
"2024-06-11 18:40:34",98279,192.0,"Transaction description",353120.0
"2024-06-11 18:40:35",38249,322.0,"Transaction description",369184.0
"2024-06-11 18:40:36",13356,539.0,"Transaction description",339911.0
"2024-06-11 18:40:37",59907,859.0,"Transaction description",378657.0
"2024-06-11 18:40:38",99201,542.0,"Transaction description",337710.0
"2024-06-11 18:40:39",74086,851.0,"Transaction description",363415.0
"2024-06-11 18:40:40",40879,410.0,"Transaction description",347840.0
"2024-06-11 18:40:41",71879,43.0,"Transaction description",360433.0
"2024-06-11 18:40:42",66510,469.0,"Transaction description",377244.0
"2024-06-11 18:40:43",56228,737.0,"Transaction description",356338.0
"2024-06-11 18:40:44",99915,406.0,"Transaction description",401516.0
"2024-06-11 18:40:45",70721,490.0,"Transaction description",368949.0
"2024-06-11 18:40:46",77255,628.0,"Transaction description",371882.0
"2024-06-11 18:40:47",33675,504.0,"Transaction description",354643.0
"2024-06-11 18:40:48",19023,383.0,"Transaction description",346788.0
"2024-06-11 18:40:49",55555,954.0,"Transaction description",384881.0
"2024-06-11 18:40:50",53081,415.0,"Transaction description",371103.0
"2024-06-11 18:40:51",20872,620.0,"Transaction description",366420.0
"2024-06-11 18:40:52",79666,952.0,"Transaction description",366679.0
"2024-06-11 18:40:53",19023,683.0,"Transaction description",352671.0
"2024-06-11 18:40:54",39370,969.0,"Transaction description",350494.0
"2024-06-11 18:40:55",75960,885.0,"Transaction description",381568.0
"2024-06-11 18:40:56",27170,105.0,"Transaction description",405034.0
"2024-06-11 18:40:57",92158,54.0,"Transaction description",370867.0
"2024-06-11 18:40:58",72652,807.0,"Transaction description",352648.0
"2024-06-11 18:40:59",63700,701.0,"Transaction description",384354.0
"2024-06-11 18:41:00",78612,534.0,"Transaction description",382916.0
"2024-06-11 18:41:01",10526,60.0,"Transaction description",366999.0
"2024-06-11 18:41:02",64628,327.0,"Transaction description",369347.0
"2024-06-11 18:41:03",20863,224.0,"Transaction description",390161.0
"2024-06-11 18:41:04",66200,152.0,"Transaction description",362212.0
"2024-06-11 18:41:05",95014,836.0,"Transaction description",398655.0
"2024-06-11 18:41:06",63349,860.0,"Transaction description",396732.0
"2024-06-11 18:41:07",83482,385.0,"Transaction description",401541.0
"2024-06-11 18:41:08",20863,834.0,"Transaction description",395788.0
"2024-06-11 18:41:09",65635,792.0,"Transaction description",379899.0
"2024-06-11 18:41:10",54028,89.0,"Transaction description",401812.0
"2024-06-11 18:41:11",50865,776.0,"Transaction description",367138.0
"2024-06-11 18:41:12",69878,531.0,"Transaction description",379536.0
"2024-06-11 18:41:13",44546,485.0,"Transaction description",397145.0
"2024-06-11 18:41:14",65690,172.0,"Transaction description",383647.0
"2024-06-11 18:41:15",13908,251.0,"Transaction description",402656.0
"2024-06-11 18:41:16",47369,746.0,"Transaction description",388141.0
"2024-06-11 18:41:17",38335,996.0,"Transaction description",403405.0
"2024-06-11 18:41:18",19325,501.0,"Transaction description",422898.0
"2024-06-11 18:41:19",84105,874.0,"Transaction description",386673.0
"2024-06-11 18:41:20",91300,789.0,"Transaction description",396526.0
"2024-06-11 18:41:21",35151,192.0,"Transaction description",391871.0
"2024-06-11 18:41:22",56228,207.0,"Transaction description",397630.0
"2024-06-11 18:41:23",38335,127.0,"Transaction description",410087.0
"2024-06-11 18:41:24",95609,14.0,"Transaction description",407159.0
"2024-06-11 18:41:25",50862,370.0,"Transaction description",413001.0
"2024-06-11 18:41:26",65714,693.0,"Transaction description",411078.0
"2024-06-11 18:41:27",83747,819.0,"Transaction description",417213.0
"2024-06-11 18:41:28",26394,345.0,"Transaction description",375708.0
"2024-06-11 18:41:29",13908,82.0,"Transaction description",434421.0
"2024-06-11 18:41:30",80321,981.0,"Transaction description",401950.0
"2024-06-11 18:41:31",71206,209.0,"Transaction description",424219.0
"2024-06-11 18:41:32",22932,367.0,"Transaction description",390502.0
"2024-06-11 18:41:33",45217,456.0,"Transaction description",415575.0
"2024-06-11 18:41:34",64275,924.0,"Transaction description",416421.0
"2024-06-11 18:41:35",47369,342.0,"Transaction description",416128.0
"2024-06-11 18:41:36",31644,295.0,"Transaction description",427305.0
"2024-06-11 18:41:37",99107,134.0,"Transaction description",433966.0
"2024-06-11 18:41:38",79593,306.0,"Transaction description",410696.0
"2024-06-11 18:41:39",93226,785.0,"Transaction description",444731.0
"2024-06-11 18:41:40",96974,836.0,"Transaction description",407192.0
"2024-06-11 18:41:41",10118,44.0,"Transaction description",446771.0
"2024-06-11 18:41:42",87648,837.0,"Transaction description",452455.0
"2024-06-11 18:41:43",82072,978.0,"Transaction description",413385.0
"2024-06-11 18:41:44",84870,379.0,"Transaction description",438792.0
"2024-06-11 18:41:45",52069,863.0,"Transaction description",461994.0
"2024-06-11 18:41:46",15390,459.0,"Transaction description",434704.0
"2024-06-11 18:41:47",43970,321.0,"Transaction description",449891.0
"2024-06-11 18:41:48",94111,26.0,"Transaction description",425689.0
"2024-06-11 18:41:49",36100,924.0,"Transaction description",428773.0
"2024-06-11 18:41:50",97007,783.0,"Transaction description",435837.0
"2024-06-11 18:41:51",60083,495.0,"Transaction description",453163.0
"2024-06-11 18:41:52",91300,820.0,"Transaction description",437737.0
"2024-06-11 18:41:53",43395,657.0,"Transaction description",432473.0
"2024-06-11 18:41:54",51691,766.0,"Transaction description",450346.0
"2024-06-11 18:41:55",79421,303.0,"Transaction description",455336.0
"2024-06-11 18:41:56",74573,421.0,"Transaction description",452803.0
"2024-06-11 18:41:57",88862,170.0,"Transaction description",475261.0
"2024-06-11 18:41:58",86803,39.0,"Transaction description",444755.0
"2024-06-11 18:41:59",49547,843.0,"Transaction description",454494.0
"2024-06-11 18:42:00",95675,59.0,"Transaction description",468862.0
"2024-06-11 18:42:01",18993,549.0,"Transaction description",452462.0
"2024-06-11 18:42:02",83809,437.0,"Transaction description",442426.0
"2024-06-11 18:42:03",76505,976.0,"Transaction description",451778.0
"2024-06-11 18:42:04",53437,803.0,"Transaction description",451094.0
"2024-06-11 18:42:05",37396,640.0,"Transaction description",446552.0
"2024-06-11 18:42:06",90556,490.0,"Transaction description",509732.0
"2024-06-11 18:42:07",64889,357.0,"Transaction description",436413.0
"2024-06-11 18:42:08",24710,306.0,"Transaction description",445695.0
"2024-06-11 18:42:09",94852,161.0,"Transaction description",478837.0
"2024-06-11 18:42:10",96723,311.0,"Transaction description",468274.0
"2024-06-11 18:42:11",80321,319.0,"Transaction description",444041.0
"2024-06-11 18:42:12",29305,844.0,"Transaction description",480363.0
"2024-06-11 18:42:13",28645,78.0,"Transaction description",447015.0
"2024-06-11 18:42:14",15825,194.0,"Transaction description",471605.0
"2024-06-11 18:42:15",48391,449.0,"Transaction description",504464.0
"2024-06-11 18:42:16",61960,652.0,"Transaction description",463244.0
"2024-06-11 18:42:17",64085,484.0,"Transaction description",487097.0
"2024-06-11 18:42:18",33063,656.0,"Transaction description",479533.0
"2024-06-11 18:42:19",56611,728.0,"Transaction description",473454.0
"2024-06-11 18:42:20",12106,681.0,"Transaction description",478882.0
"2024-06-11 18:42:21",18888,287.0,"Transaction description",482481.0
"2024-06-11 18:42:22",12106,103.0,"Transaction description",480430.0
"2024-06-11 18:42:23",68277,282.0,"Transaction description",478454.0
"2024-06-11 18:42:24",92234,464.0,"Transaction description",483864.0
"2024-06-11 18:42:25",90315,271.0,"Transaction description",546833.0
"2024-06-11 18:42:26",98186,210.0,"Transaction description",474373.0
"2024-06-11 18:42:27",94951,501.0,"Transaction description",485615.0
"2024-06-11 18:42:28",13626,23.0,"Transaction description",480234.0
"2024-06-11 18:42:29",99149,841.0,"Transaction description",467939.0
"2024-06-11 18:42:30",89262,857.0,"Transaction description",475874.0
"2024-06-11 18:42:31",53445,415.0,"Transaction description",499857.0
"2024-06-11 18:42:32",43255,689.0,"Transaction description",490415.0
"2024-06-11 18:42:33",65374,713.0,"Transaction description",458609.0
"2024-06-11 18:42:34",75960,256.0,"Transaction description",488259.0
"2024-06-11 18:42:35",13031,384.0,"Transaction description",470290.0
"2024-06-11 18:42:36",96798,985.0,"Transaction description",465165.0
"2024-06-11 18:42:37",52777,858.0,"Transaction description",494137.0
"2024-06-11 18:42:38",51691,802.0,"Transaction description",495462.0
"2024-06-11 18:42:39",33011,502.0,"Transaction description",476908.0
"2024-06-11 18:42:40",99026,425.0,"Transaction description",514179.0
"2024-06-11 18:42:41",94111,205.0,"Transaction description",481316.0
"2024-06-11 18:42:42",47574,640.0,"Transaction description",487816.0
"2024-06-11 18:42:43",93615,999.0,"Transaction description",504644.0
"2024-06-11 18:42:44",18993,959.0,"Transaction description",503596.0
"2024-06-11 18:42:45",38523,339.0,"Transaction description",515722.0
"2024-06-11 18:42:46",43970,799.0,"Transaction description",521622.0
"2024-06-11 18:42:47",93639,44.0,"Transaction description",502592.0
"2024-06-11 18:42:48",29748,850.0,"Transaction description",516361.0
"2024-06-11 18:42:49",14036,971.0,"Transaction description",512187.0
"2024-06-11 18:42:50",15210,397.0,"Transaction description",506502.0
"2024-06-11 18:42:51",95331,503.0,"Transaction description",505607.0
"2024-06-11 18:42:52",74573,108.0,"Transaction description",501756.0
"2024-06-11 18:42:53",79254,278.0,"Transaction description",512694.0
"2024-06-11 18:42:54",51691,138.0,"Transaction description",512941.0
"2024-06-11 18:42:55",40791,974.0,"Transaction description",457183.0
"2024-06-11 18:42:56",42060,10.0,"Transaction description",490790.0
"2024-06-11 18:42:57",18634,868.0,"Transaction description",512512.0
"2024-06-11 18:42:58",38703,731.0,"Transaction description",501786.0
"2024-06-11 18:42:59",66378,803.0,"Transaction description",511255.0
"2024-06-11 18:43:00",94771,95.0,"Transaction description",460509.0
"2024-06-11 18:43:01",82766,802.0,"Transaction description",496614.0
"2024-06-11 18:43:02",88862,370.0,"Transaction description",545930.0
"2024-06-11 18:43:03",14329,542.0,"Transaction description",514495.0
"2024-06-11 18:43:04",13908,336.0,"Transaction description",534925.0
"2024-06-11 18:43:05",64085,890.0,"Transaction description",522618.0
"2024-06-11 18:43:06",22819,102.0,"Transaction description",502951.0
"2024-06-11 18:43:07",96723,218.0,"Transaction description",526949.0
"2024-06-11 18:43:08",27818,166.0,"Transaction description",499005.0
"2024-06-11 18:43:09",46025,788.0,"Transaction description",518901.0
"2024-06-11 18:43:10",97184,114.0,"Transaction description",509377.0
"2024-06-11 18:43:11",95302,323.0,"Transaction description",506591.0
"2024-06-11 18:43:12",49264,633.0,"Transaction description",538100.0
"2024-06-11 18:43:13",48023,355.0,"Transaction description",506123.0
"2024-06-11 18:43:14",68275,94.0,"Transaction description",508656.0
"2024-06-11 18:43:15",57897,267.0,"Transaction description",538941.0
"2024-06-11 18:43:16",48670,218.0,"Transaction description",500120.0
"2024-06-11 18:43:17",56499,239.0,"Transaction description",531340.0
"2024-06-11 18:43:18",63700,211.0,"Transaction description",554162.0
"2024-06-11 18:43:19",31825,666.0,"Transaction description",539819.0
"2024-06-11 18:43:20",20533,544.0,"Transaction description",507244.0
"2024-06-11 18:43:21",30005,588.0,"Transaction description",527567.0
"2024-06-11 18:43:22",32331,520.0,"Transaction description",525361.0
"2024-06-11 18:43:23",67854,612.0,"Transaction description",559601.0
"2024-06-11 18:43:24",46196,922.0,"Transaction description",515231.0
"2024-06-11 18:43:25",49338,30.0,"Transaction description",554186.0
"2024-06-11 18:43:26",57296,573.0,"Transaction description",515567.0
"2024-06-11 18:43:27",36051,216.0,"Transaction description",537339.0
"2024-06-11 18:43:28",56228,438.0,"Transaction description",516000.0
"2024-06-11 18:43:29",80321,189.0,"Transaction description",510335.0
"2024-06-11 18:43:30",38249,372.0,"Transaction description",555223.0
"2024-06-11 18:43:31",19031,82.0,"Transaction description",531795.0
"2024-06-11 18:43:32",51659,370.0,"Transaction description",519059.0
"2024-06-11 18:43:33",56650,838.0,"Transaction description",545372.0
"2024-06-11 18:43:34",40879,271.0,"Transaction description",535287.0
"2024-06-11 18:43:35",20045,732.0,"Transaction description",542975.0
"2024-06-11 18:43:36",83017,437.0,"Transaction description",573675.0
"2024-06-11 18:43:37",21689,943.0,"Transaction description",562220.0
"2024-06-11 18:43:38",22353,815.0,"Transaction description",567179.0
"2024-06-11 18:43:39",12772,152.0,"Transaction description",593225.0
"2024-06-11 18:43:40",67715,984.0,"Transaction description",541921.0
"2024-06-11 18:43:41",55555,38.0,"Transaction description",554254.0
"2024-06-11 18:43:42",21686,706.0,"Transaction description",559449.0
"2024-06-11 18:43:43",80422,767.0,"Transaction description",552983.0
"2024-06-11 18:43:44",12073,730.0,"Transaction description",523767.0
"2024-06-11 18:43:45",25188,534.0,"Transaction description",542483.0
"2024-06-11 18:43:46",13964,379.0,"Transaction description",559592.0
"2024-06-11 18:43:47",73647,559.0,"Transaction description",551876.0
"2024-06-11 18:43:48",97705,767.0,"Transaction description",599580.0
"2024-06-11 18:43:49",67654,770.0,"Transaction description",552514.0
"2024-06-11 18:43:50",56075,855.0,"Transaction description",548533.0
"2024-06-11 18:43:51",97184,235.0,"Transaction description",540733.0
"2024-06-11 18:43:52",44354,359.0,"Transaction description",572897.0
"2024-06-11 18:43:53",24710,40.0,"Transaction description",549509.0
"2024-06-11 18:43:54",82808,151.0,"Transaction description",581603.0
"2024-06-11 18:43:55",62325,193.0,"Transaction description",540940.0
"2024-06-11 18:43:56",87648,847.0,"Transaction description",585095.0
"2024-06-11 18:43:57",94073,252.0,"Transaction description",532533.0
"2024-06-11 18:43:58",29748,862.0,"Transaction description",583229.0
"2024-06-11 18:43:59",62430,599.0,"Transaction description",537652.0
"2024-06-11 18:44:00",29932,949.0,"Transaction description",571865.0
"2024-06-11 18:44:01",96934,776.0,"Transaction description",540896.0
"2024-06-11 18:44:02",10111,72.0,"Transaction description",598280.0
"2024-06-11 18:44:03",73587,24.0,"Transaction description",601214.0
"2024-06-11 18:44:04",45366,797.0,"Transaction description",558129.0
"2024-06-11 18:44:05",67975,449.0,"Transaction description",538244.0
"2024-06-11 18:44:06",36051,361.0,"Transaction description",569468.0
"2024-06-11 18:44:07",36360,264.0,"Transaction description",552476.0
"2024-06-11 18:44:08",64845,908.0,"Transaction description",555639.0
"2024-06-11 18:44:09",60512,36.0,"Transaction description",590881.0
"2024-06-11 18:44:10",79593,763.0,"Transaction description",559563.0
"2024-06-11 18:44:11",69878,914.0,"Transaction description",547243.0
"2024-06-11 18:44:12",85448,257.0,"Transaction description",560276.0
"2024-06-11 18:44:13",58102,780.0,"Transaction description",551235.0
"2024-06-11 18:44:14",30039,937.0,"Transaction description",584100.0
"2024-06-11 18:44:15",82766,751.0,"Transaction description",560834.0
"2024-06-11 18:44:16",27818,721.0,"Transaction description",544739.0
"2024-06-11 18:44:17",36402,764.0,"Transaction description",585158.0
"2024-06-11 18:44:18",75960,938.0,"Transaction description",574267.0
"2024-06-11 18:44:19",96387,486.0,"Transaction description",603524.0
"2024-06-11 18:44:20",89997,147.0,"Transaction description",567837.0
"2024-06-11 18:44:21",72652,230.0,"Transaction description",555360.0
"2024-06-11 18:44:22",84105,728.0,"Transaction description",572279.0
"2024-06-11 18:44:23",80744,736.0,"Transaction description",587714.0
"2024-06-11 18:44:24",12772,545.0,"Transaction description",633627.0
"2024-06-11 18:44:25",56228,381.0,"Transaction description",567945.0
"2024-06-11 18:44:26",94111,814.0,"Transaction description",557471.0
"2024-06-11 18:44:27",91828,165.0,"Transaction description",570905.0
"2024-06-11 18:44:28",53126,333.0,"Transaction description",587466.0
"2024-06-11 18:44:29",57897,180.0,"Transaction description",595258.0
"2024-06-11 18:44:30",64845,798.0,"Transaction description",576314.0
"2024-06-11 18:44:31",24722,851.0,"Transaction description",582094.0
"2024-06-11 18:44:32",83917,251.0,"Transaction description",594800.0
"2024-06-11 18:44:33",22819,333.0,"Transaction description",563623.0
"2024-06-11 18:44:34",55359,304.0,"Transaction description",595715.0
"2024-06-11 18:44:35",60784,957.0,"Transaction description",570325.0
"2024-06-11 18:44:36",81583,555.0,"Transaction description",589594.0
"2024-06-11 18:44:37",90315,860.0,"Transaction description",672210.0
"2024-06-11 18:44:38",68487,754.0,"Transaction description",599633.0
"2024-06-11 18:44:39",29305,270.0,"Transaction description",606829.0
"2024-06-11 18:44:40",25188,31.0,"Transaction description",588120.0
"2024-06-11 18:44:41",26394,788.0,"Transaction description",567960.0
"2024-06-11 18:44:42",17649,324.0,"Transaction description",555965.0
"2024-06-11 18:44:43",31248,587.0,"Transaction description",613498.0
"2024-06-11 18:44:44",49547,254.0,"Transaction description",607301.0
"2024-06-11 18:44:45",22785,24.0,"Transaction description",601556.0
"2024-06-11 18:44:46",40184,789.0,"Transaction description",611632.0
"2024-06-11 18:44:47",94771,668.0,"Transaction description",548734.0
"2024-06-11 18:44:48",41133,143.0,"Transaction description",568126.0
"2024-06-11 18:44:49",12150,839.0,"Transaction description",600968.0
"2024-06-11 18:44:50",12150,235.0,"Transaction description",602657.0
"2024-06-11 18:44:51",60569,557.0,"Transaction description",589487.0
"2024-06-11 18:44:52",93047,587.0,"Transaction description",591703.0
"2024-06-11 18:44:53",23662,8.0,"Transaction description",607032.0
"2024-06-11 18:44:54",93639,97.0,"Transaction description",617525.0
"2024-06-11 18:44:55",36565,736.0,"Transaction description",589879.0
"2024-06-11 18:44:56",58964,536.0,"Transaction description",588021.0
"2024-06-11 18:44:57",17281,96.0,"Transaction description",648444.0
"2024-06-11 18:44:58",47432,192.0,"Transaction description",600837.0
"2024-06-11 18:44:59",95675,633.0,"Transaction description",606177.0
"2024-06-11 18:45:00",51691,261.0,"Transaction description",611375.0
"2024-06-11 18:45:01",83747,375.0,"Transaction description",605162.0
"2024-06-11 18:45:02",66200,442.0,"Transaction description",583258.0
"2024-06-11 18:45:03",83402,914.0,"Transaction description",636808.0
"2024-06-11 18:45:04",47432,930.0,"Transaction description",603397.0
"2024-06-11 18:45:05",59473,876.0,"Transaction description",653424.0
"2024-06-11 18:45:06",66967,424.0,"Transaction description",621012.0
"2024-06-11 18:45:07",70721,418.0,"Transaction description",595045.0
"2024-06-11 18:45:08",56668,717.0,"Transaction description",604217.0
"2024-06-11 18:45:09",39766,769.0,"Transaction description",598474.0
"2024-06-11 18:45:10",43970,909.0,"Transaction description",631103.0
"2024-06-11 18:45:11",47619,10.0,"Transaction description",627833.0
"2024-06-11 18:45:12",26986,429.0,"Transaction description",588759.0
"2024-06-11 18:45:13",70721,774.0,"Transaction description",600790.0
"2024-06-11 18:45:14",64275,411.0,"Transaction description",605342.0
"2024-06-11 18:45:15",34132,927.0,"Transaction description",588052.0
"2024-06-11 18:45:16",79666,509.0,"Transaction description",620810.0
"2024-06-11 18:45:17",10111,927.0,"Transaction description",659362.0
"2024-06-11 18:45:18",29552,724.0,"Transaction description",599608.0
"2024-06-11 18:45:19",12772,921.0,"Transaction description",675201.0
"2024-06-11 18:45:20",88323,419.0,"Transaction description",638585.0
"2024-06-11 18:45:21",89222,726.0,"Transaction description",647507.0
"2024-06-11 18:45:22",45638,609.0,"Transaction description",646518.0
"2024-06-11 18:45:23",81531,839.0,"Transaction description",598221.0
"2024-06-11 18:45:24",66378,659.0,"Transaction description",624427.0
"2024-06-11 18:45:25",20233,241.0,"Transaction description",652745.0
"2024-06-11 18:45:26",48862,279.0,"Transaction description",621208.0
"2024-06-11 18:45:27",14049,748.0,"Transaction description",619933.0
"2024-06-11 18:45:28",76807,897.0,"Transaction description",650771.0
"2024-06-11 18:45:29",63700,442.0,"Transaction description",656965.0
"2024-06-11 18:45:30",69085,980.0,"Transaction description",616618.0
"2024-06-11 18:45:31",99604,164.0,"Transaction description",670513.0
"2024-06-11 18:45:32",82788,360.0,"Transaction description",632886.0
"2024-06-11 18:45:33",15848,773.0,"Transaction description",626460.0
"2024-06-11 18:45:34",59766,187.0,"Transaction description",628042.0
"2024-06-11 18:45:35",70057,737.0,"Transaction description",588623.0
"2024-06-11 18:45:36",14036,553.0,"Transaction description",652148.0
"2024-06-11 18:45:37",56499,845.0,"Transaction description",633222.0
"2024-06-11 18:45:38",96363,536.0,"Transaction description",645122.0
"2024-06-11 18:45:39",52069,454.0,"Transaction description",667789.0
"2024-06-11 18:45:40",53832,570.0,"Transaction description",669236.0
"2024-06-11 18:45:41",83553,758.0,"Transaction description",608260.0
"2024-06-11 18:45:42",33995,875.0,"Transaction description",661673.0
"2024-06-11 18:45:43",20910,216.0,"Transaction description",682637.0
"2024-06-11 18:45:44",53832,847.0,"Transaction description",674851.0
"2024-06-11 18:45:45",95675,313.0,"Transaction description",641487.0
"2024-06-11 18:45:46",81583,777.0,"Transaction description",645333.0
"2024-06-11 18:45:47",97705,288.0,"Transaction description",696843.0
"2024-06-11 18:45:48",94111,692.0,"Transaction description",620850.0
"2024-06-11 18:45:49",52777,3.0,"Transaction description",651086.0
"2024-06-11 18:45:50",14470,513.0,"Transaction description",653212.0
"2024-06-11 18:45:51",76407,10.0,"Transaction description",631228.0
"2024-06-11 18:45:52",49338,64.0,"Transaction description",663908.0
"2024-06-11 18:45:53",73393,40.0,"Transaction description",677400.0
"2024-06-11 18:45:54",55631,663.0,"Transaction description",666866.0
"2024-06-11 18:45:55",89874,375.0,"Transaction description",646756.0
"2024-06-11 18:45:56",82349,44.0,"Transaction description",645895.0
"2024-06-11 18:45:57",83809,679.0,"Transaction description",658790.0
"2024-06-11 18:45:58",69859,49.0,"Transaction description",667566.0
"2024-06-11 18:45:59",33995,941.0,"Transaction description",679681.0
"2024-06-11 18:46:00",47432,473.0,"Transaction description",656699.0
"2024-06-11 18:46:01",18371,489.0,"Transaction description",651355.0
"2024-06-11 18:46:02",51318,815.0,"Transaction description",657790.0
"2024-06-11 18:46:03",58762,950.0,"Transaction description",667416.0
"2024-06-11 18:46:04",80744,842.0,"Transaction description",678774.0
"2024-06-11 18:46:05",73587,461.0,"Transaction description",700579.0
"2024-06-11 18:46:06",68275,355.0,"Transaction description",631226.0
"2024-06-11 18:46:07",21021,301.0,"Transaction description",658829.0
"2024-06-11 18:46:08",87248,273.0,"Transaction description",696139.0
"2024-06-11 18:46:09",18634,686.0,"Transaction description",665968.0
"2024-06-11 18:46:10",19031,496.0,"Transaction description",655574.0
"2024-06-11 18:46:11",76236,61.0,"Transaction description",702913.0
"2024-06-11 18:46:12",82720,553.0,"Transaction description",638759.0
"2024-06-11 18:46:13",51659,635.0,"Transaction description",645323.0
"2024-06-11 18:46:14",83394,644.0,"Transaction description",680629.0
"2024-06-11 18:46:15",88323,122.0,"Transaction description",684722.0
"2024-06-11 18:46:16",55704,432.0,"Transaction description",665772.0
"2024-06-11 18:46:17",74573,435.0,"Transaction description",656562.0
"2024-06-11 18:46:18",24722,430.0,"Transaction description",662075.0
"2024-06-11 18:46:19",59230,836.0,"Transaction description",691514.0
"2024-06-11 18:46:20",96723,44.0,"Transaction description",682621.0
"2024-06-11 18:46:21",96798,44.0,"Transaction description",661882.0
"2024-06-11 18:46:22",75921,693.0,"Transaction description",679830.0
"2024-06-11 18:46:23",77649,281.0,"Transaction description",677619.0
"2024-06-11 18:46:24",88049,139.0,"Transaction description",696931.0
"2024-06-11 18:46:25",94935,937.0,"Transaction description",654334.0
"2024-06-11 18:46:26",35209,764.0,"Transaction description",695452.0
"2024-06-11 18:46:27",40879,713.0,"Transaction description",677621.0
"2024-06-11 18:46:28",99604,887.0,"Transaction description",719755.0
"2024-06-11 18:46:29",99243,457.0,"Transaction description",716314.0
"2024-06-11 18:46:30",43999,929.0,"Transaction description",650005.0
"2024-06-11 18:46:31",89874,104.0,"Transaction description",686935.0
"2024-06-11 18:46:32",28260,842.0,"Transaction description",717396.0
"2024-06-11 18:46:33",37396,574.0,"Transaction description",675554.0
"2024-06-11 18:46:34",66480,974.0,"Transaction description",692526.0
"2024-06-11 18:46:35",92427,878.0,"Transaction description",692991.0
"2024-06-11 18:46:36",23662,754.0,"Transaction description",683375.0
"2024-06-11 18:46:37",40285,226.0,"Transaction description",684012.0
"2024-06-11 18:46:38",20701,437.0,"Transaction description",688992.0
"2024-06-11 18:46:39",67854,440.0,"Transaction description",698874.0
"2024-06-11 18:46:40",82788,657.0,"Transaction description",688176.0
"2024-06-11 18:46:41",76807,745.0,"Transaction description",715886.0
"2024-06-11 18:46:42",22117,499.0,"Transaction description",673281.0
"2024-06-11 18:46:43",93615,995.0,"Transaction description",701602.0
"2024-06-11 18:46:44",82808,168.0,"Transaction description",704300.0
"2024-06-11 18:46:45",10317,212.0,"Transaction description",719351.0
"2024-06-11 18:46:46",57541,870.0,"Transaction description",729237.0
"2024-06-11 18:46:47",77875,857.0,"Transaction description",678476.0
"2024-06-11 18:46:48",94277,296.0,"Transaction description",703288.0
"2024-06-11 18:46:49",86087,353.0,"Transaction description",749321.0
"2024-06-11 18:46:50",96387,327.0,"Transaction description",728769.0
"2024-06-11 18:46:51",12150,74.0,"Transaction description",714581.0
"2024-06-11 18:46:52",85521,232.0,"Transaction description",707391.0
"2024-06-11 18:46:53",96798,117.0,"Transaction description",682307.0
"2024-06-11 18:46:54",95647,112.0,"Transaction description",678294.0
"2024-06-11 18:46:55",25379,208.0,"Transaction description",734647.0
"2024-06-11 18:46:56",68275,731.0,"Transaction description",680479.0
"2024-06-11 18:46:57",93208,543.0,"Transaction description",731728.0
"2024-06-11 18:46:58",91620,889.0,"Transaction description",687343.0
"2024-06-11 18:46:59",94771,9.0,"Transaction description",668849.0
"2024-06-11 18:47:00",45641,452.0,"Transaction description",723642.0
"2024-06-11 18:47:01",87648,240.0,"Transaction description",741831.0
"2024-06-11 18:47:02",43382,16.0,"Transaction description",698401.0
"2024-06-11 18:47:03",80321,127.0,"Transaction description",668981.0
"2024-06-11 18:47:04",69085,568.0,"Transaction description",693784.0
"2024-06-11 18:47:05",49264,670.0,"Transaction description",717313.0
"2024-06-11 18:47:06",56168,725.0,"Transaction description",707826.0
"2024-06-11 18:47:07",51691,321.0,"Transaction description",701423.0
"2024-06-11 18:47:08",86196,506.0,"Transaction description",684278.0
"2024-06-11 18:47:09",71927,953.0,"Transaction description",702522.0
"2024-06-11 18:47:10",82349,631.0,"Transaction description",708477.0
"2024-06-11 18:47:11",99149,421.0,"Transaction description",694846.0
"2024-06-11 18:47:12",92412,478.0,"Transaction description",692080.0
"2024-06-11 18:47:13",38335,906.0,"Transaction description",706391.0
"2024-06-11 18:47:14",44354,232.0,"Transaction description",715983.0
"2024-06-11 18:47:15",95609,675.0,"Transaction description",709724.0
"2024-06-11 18:47:16",58102,977.0,"Transaction description",705532.0
"2024-06-11 18:47:17",24964,771.0,"Transaction description",696939.0
"2024-06-11 18:47:18",39706,409.0,"Transaction description",695560.0
"2024-06-11 18:47:19",25482,455.0,"Transaction description",743168.0
"2024-06-11 18:47:20",66378,116.0,"Transaction description",708680.0
"2024-06-11 18:47:21",57538,137.0,"Transaction description",728317.0
"2024-06-11 18:47:22",94111,248.0,"Transaction description",701445.0
"2024-06-11 18:47:23",25484,711.0,"Transaction description",713062.0
"2024-06-11 18:47:24",70721,467.0,"Transaction description",696473.0
"2024-06-11 18:47:25",36754,877.0,"Transaction description",706631.0
"2024-06-11 18:47:26",69085,37.0,"Transaction description",707188.0
"2024-06-11 18:47:27",22932,937.0,"Transaction description",703364.0
"2024-06-11 18:47:28",28426,192.0,"Transaction description",735907.0
"2024-06-11 18:47:29",20579,404.0,"Transaction description",734579.0
"2024-06-11 18:47:30",94771,552.0,"Transaction description",694991.0
"2024-06-11 18:47:31",79593,83.0,"Transaction description",726658.0
"2024-06-11 18:47:32",27300,777.0,"Transaction description",726972.0
"2024-06-11 18:47:33",72001,198.0,"Transaction description",712573.0
"2024-06-11 18:47:34",44529,474.0,"Transaction description",743292.0
"2024-06-11 18:47:35",94277,741.0,"Transaction description",722765.0
"2024-06-11 18:47:36",34132,13.0,"Transaction description",697335.0
"2024-06-11 18:47:37",78612,350.0,"Transaction description",725210.0
"2024-06-11 18:47:38",88862,707.0,"Transaction description",776662.0
"2024-06-11 18:47:39",78053,782.0,"Transaction description",717817.0
"2024-06-11 18:47:40",71206,607.0,"Transaction description",724682.0
"2024-06-11 18:47:41",55955,470.0,"Transaction description",736993.0
"2024-06-11 18:47:42",36793,729.0,"Transaction description",714943.0
"2024-06-11 18:47:43",45641,204.0,"Transaction description",754504.0
"2024-06-11 18:47:44",23882,942.0,"Transaction description",746972.0
"2024-06-11 18:47:45",46122,217.0,"Transaction description",774765.0
"2024-06-11 18:47:46",93679,708.0,"Transaction description",735532.0
"2024-06-11 18:47:47",34132,317.0,"Transaction description",704967.0
"2024-06-11 18:47:48",49121,790.0,"Transaction description",769393.0
"2024-06-11 18:47:49",13908,638.0,"Transaction description",759237.0
"2024-06-11 18:47:50",17649,870.0,"Transaction description",712622.0
"2024-06-11 18:47:51",88323,838.0,"Transaction description",743603.0
"2024-06-11 18:47:52",78405,853.0,"Transaction description",708580.0
"2024-06-11 18:47:53",31825,48.0,"Transaction description",752001.0
"2024-06-11 18:47:54",78299,279.0,"Transaction description",774276.0
"2024-06-11 18:47:55",36402,771.0,"Transaction description",736717.0
"2024-06-11 18:47:56",19483,720.0,"Transaction description",736980.0
"2024-06-11 18:47:57",19483,195.0,"Transaction description",737443.0
"2024-06-11 18:47:58",73647,997.0,"Transaction description",738554.0
"2024-06-11 18:47:59",18371,767.0,"Transaction description",733579.0
"2024-06-11 18:48:00",40184,738.0,"Transaction description",761998.0
"2024-06-11 18:48:01",68487,425.0,"Transaction description",769692.0
"2024-06-11 18:48:02",40879,951.0,"Transaction description",738903.0
"2024-06-11 18:48:03",93047,628.0,"Transaction description",740809.0
"2024-06-11 18:48:04",66335,77.0,"Transaction description",748126.0
"2024-06-11 18:48:05",22819,218.0,"Transaction description",730788.0
"2024-06-11 18:48:06",56499,528.0,"Transaction description",754008.0
"2024-06-11 18:48:07",40285,146.0,"Transaction description",737885.0
"2024-06-11 18:48:08",34132,877.0,"Transaction description",721019.0
"2024-06-11 18:48:09",91300,601.0,"Transaction description",757092.0
"2024-06-11 18:48:10",19112,983.0,"Transaction description",747083.0
"2024-06-11 18:48:11",10394,446.0,"Transaction description",783777.0
"2024-06-11 18:48:12",43988,893.0,"Transaction description",771520.0
"2024-06-11 18:48:13",28403,958.0,"Transaction description",731181.0
"2024-06-11 18:48:14",91620,103.0,"Transaction description",732291.0
"2024-06-11 18:48:15",58964,469.0,"Transaction description",748238.0
"2024-06-11 18:48:16",42917,917.0,"Transaction description",777726.0
"2024-06-11 18:48:17",74493,265.0,"Transaction description",763771.0
"2024-06-11 18:48:18",48391,409.0,"Transaction description",789475.0
"2024-06-11 18:48:19",31825,469.0,"Transaction description",777868.0
"2024-06-11 18:48:20",50137,453.0,"Transaction description",759450.0
"2024-06-11 18:48:21",31495,402.0,"Transaction description",733960.0
"2024-06-11 18:48:22",32286,62.0,"Transaction description",755877.0
"2024-06-11 18:48:23",28244,903.0,"Transaction description",764006.0
"2024-06-11 18:48:24",40861,114.0,"Transaction description",737310.0
"2024-06-11 18:48:25",15011,296.0,"Transaction description",761563.0
"2024-06-11 18:48:26",93639,783.0,"Transaction description",774421.0
"2024-06-11 18:48:27",65526,438.0,"Transaction description",766145.0
"2024-06-11 18:48:28",86892,616.0,"Transaction description",744951.0
"2024-06-11 18:48:29",43651,760.0,"Transaction description",776863.0
"2024-06-11 18:48:30",28260,52.0,"Transaction description",793725.0
"2024-06-11 18:48:31",95716,67.0,"Transaction description",783243.0
"2024-06-11 18:48:32",56668,748.0,"Transaction description",761361.0
"2024-06-11 18:48:33",95302,572.0,"Transaction description",756914.0
"2024-06-11 18:48:34",91167,966.0,"Transaction description",797188.0
"2024-06-11 18:48:35",15825,892.0,"Transaction description",755102.0
"2024-06-11 18:48:36",44354,779.0,"Transaction description",765780.0
"2024-06-11 18:48:37",89874,232.0,"Transaction description",765471.0
"2024-06-11 18:48:38",76407,173.0,"Transaction description",763436.0
"2024-06-11 18:48:39",38585,813.0,"Transaction description",791547.0
"2024-06-11 18:48:40",24722,400.0,"Transaction description",745581.0
"2024-06-11 18:48:41",52069,337.0,"Transaction description",793499.0
"2024-06-11 18:48:42",90556,180.0,"Transaction description",832676.0
"2024-06-11 18:48:43",33088,810.0,"Transaction description",777030.0
"2024-06-11 18:48:44",31495,507.0,"Transaction description",746539.0
"2024-06-11 18:48:45",23678,925.0,"Transaction description",802698.0
"2024-06-11 18:48:46",69085,638.0,"Transaction description",761762.0
"2024-06-11 18:48:47",47369,80.0,"Transaction description",765622.0
"2024-06-11 18:48:48",65374,194.0,"Transaction description",749751.0
"2024-06-11 18:48:49",10046,283.0,"Transaction description",768028.0
"2024-06-11 18:48:50",85448,128.0,"Transaction description",781429.0
"2024-06-11 18:48:51",51640,880.0,"Transaction description",775158.0
"2024-06-11 18:48:52",55359,566.0,"Transaction description",783907.0
"2024-06-11 18:48:53",56499,851.0,"Transaction description",774778.0
"2024-06-11 18:48:54",95609,434.0,"Transaction description",763198.0
"2024-06-11 18:48:55",71197,429.0,"Transaction description",749578.0
"2024-06-11 18:48:56",50137,323.0,"Transaction description",786243.0
"2024-06-11 18:48:57",45638,705.0,"Transaction description",780827.0
"2024-06-11 18:48:58",44460,795.0,"Transaction description",827566.0
"2024-06-11 18:48:59",99201,421.0,"Transaction description",777815.0
"2024-06-11 18:49:00",43382,286.0,"Transaction description",766845.0
"2024-06-11 18:49:01",60083,854.0,"Transaction description",802767.0
"2024-06-11 18:49:02",91167,825.0,"Transaction description",818644.0
"2024-06-11 18:49:03",55631,777.0,"Transaction description",796992.0
"2024-06-11 18:49:04",28660,224.0,"Transaction description",819855.0
"2024-06-11 18:49:05",47173,40.0,"Transaction description",782393.0
"2024-06-11 18:49:06",62415,422.0,"Transaction description",810202.0
"2024-06-11 18:49:07",26453,150.0,"Transaction description",801547.0
"2024-06-11 18:49:08",15825,838.0,"Transaction description",777614.0
"2024-06-11 18:49:09",22785,129.0,"Transaction description",782150.0
"2024-06-11 18:49:10",87248,893.0,"Transaction description",827097.0
"2024-06-11 18:49:11",67975,764.0,"Transaction description",760923.0
"2024-06-11 18:49:12",89963,809.0,"Transaction description",788070.0
"2024-06-11 18:49:13",20910,926.0,"Transaction description",817854.0
"2024-06-11 18:49:14",99149,852.0,"Transaction description",780090.0
"2024-06-11 18:49:15",25484,879.0,"Transaction description",787371.0
"2024-06-11 18:49:16",73780,668.0,"Transaction description",785433.0
"2024-06-11 18:49:17",72678,699.0,"Transaction description",809072.0
"2024-06-11 18:49:18",51640,735.0,"Transaction description",790543.0
"2024-06-11 18:49:19",48391,519.0,"Transaction description",820091.0
"2024-06-11 18:49:20",60577,582.0,"Transaction description",763479.0
"2024-06-11 18:49:21",28403,79.0,"Transaction description",770901.0
"2024-06-11 18:49:22",57623,10.0,"Transaction description",792028.0
"2024-06-11 18:49:23",55555,88.0,"Transaction description",802588.0
"2024-06-11 18:49:24",12073,167.0,"Transaction description",770862.0
"2024-06-11 18:49:25",19560,853.0,"Transaction description",862209.0
"2024-06-11 18:49:26",84268,514.0,"Transaction description",802125.0
"2024-06-11 18:49:27",80744,302.0,"Transaction description",800033.0
"2024-06-11 18:49:28",43255,681.0,"Transaction description",815154.0
"2024-06-11 18:49:29",43996,224.0,"Transaction description",772637.0
"2024-06-11 18:49:30",90177,863.0,"Transaction description",800547.0
"2024-06-11 18:49:31",67854,78.0,"Transaction description",791393.0
"2024-06-11 18:49:32",68487,804.0,"Transaction description",815073.0
"2024-06-11 18:49:33",59354,850.0,"Transaction description",783120.0
"2024-06-11 18:49:34",87648,280.0,"Transaction description",851147.0
"2024-06-11 18:49:35",33496,925.0,"Transaction description",794910.0
"2024-06-11 18:49:36",94771,701.0,"Transaction description",769307.0
"2024-06-11 18:49:37",61960,589.0,"Transaction description",786871.0
"2024-06-11 18:49:38",41655,700.0,"Transaction description",824128.0
"2024-06-11 18:49:39",36100,33.0,"Transaction description",807194.0
"2024-06-11 18:49:40",20872,194.0,"Transaction description",811095.0
"2024-06-11 18:49:41",47867,714.0,"Transaction description",773642.0
"2024-06-11 18:49:42",62325,465.0,"Transaction description",773868.0
"2024-06-11 18:49:43",88049,370.0,"Transaction description",829088.0
"2024-06-11 18:49:44",95655,547.0,"Transaction description",777762.0
"2024-06-11 18:49:45",77875,90.0,"Transaction description",792574.0
"2024-06-11 18:49:46",80290,770.0,"Transaction description",800987.0
"2024-06-11 18:49:47",83017,42.0,"Transaction description",848703.0
"2024-06-11 18:49:48",26986,815.0,"Transaction description",770604.0
"2024-06-11 18:49:49",83402,530.0,"Transaction description",852450.0
"2024-06-11 18:49:50",82697,320.0,"Transaction description",780078.0
"2024-06-11 18:49:51",96387,841.0,"Transaction description",836502.0
"2024-06-11 18:49:52",20233,453.0,"Transaction description",824878.0
"2024-06-11 18:49:53",78064,210.0,"Transaction description",806285.0
"2024-06-11 18:49:54",63774,673.0,"Transaction description",804455.0
"2024-06-11 18:49:55",22117,212.0,"Transaction description",784374.0
"2024-06-11 18:49:56",99107,642.0,"Transaction description",828604.0
"2024-06-11 18:49:57",82072,297.0,"Transaction description",794722.0
"2024-06-11 18:49:58",22819,136.0,"Transaction description",807664.0
"2024-06-11 18:49:59",80529,173.0,"Transaction description",803985.0
"2024-06-11 18:50:00",57296,273.0,"Transaction description",783469.0
"2024-06-11 18:50:01",52777,759.0,"Transaction description",820949.0
"2024-06-11 18:50:02",36793,582.0,"Transaction description",790041.0
"2024-06-11 18:50:03",13031,468.0,"Transaction description",776754.0
"2024-06-11 18:50:04",10046,103.0,"Transaction description",802872.0
"2024-06-11 18:50:05",74493,794.0,"Transaction description",815826.0
"2024-06-11 18:50:06",42917,799.0,"Transaction description",838408.0
"2024-06-11 18:50:07",22353,351.0,"Transaction description",845573.0
"2024-06-11 18:50:08",82766,83.0,"Transaction description",806781.0
"2024-06-11 18:50:09",53437,29.0,"Transaction description",835677.0
"2024-06-11 18:50:10",82720,994.0,"Transaction description",796036.0
"2024-06-11 18:50:11",35534,187.0,"Transaction description",791284.0
"2024-06-11 18:50:12",13884,635.0,"Transaction description",781356.0
"2024-06-11 18:50:13",99149,415.0,"Transaction description",812315.0
"2024-06-11 18:50:14",15340,779.0,"Transaction description",788373.0
"2024-06-11 18:50:15",43110,318.0,"Transaction description",786784.0
"2024-06-11 18:50:16",96723,890.0,"Transaction description",827941.0
"2024-06-11 18:50:17",61960,763.0,"Transaction description",812813.0
"2024-06-11 18:50:18",30005,89.0,"Transaction description",819997.0
"2024-06-11 18:50:19",52694,643.0,"Transaction description",789134.0
"2024-06-11 18:50:20",32331,495.0,"Transaction description",802547.0
"2024-06-11 18:50:21",39370,429.0,"Transaction description",795981.0
"2024-06-11 18:50:22",50104,984.0,"Transaction description",836340.0
"2024-06-11 18:50:23",26453,652.0,"Transaction description",830812.0
"2024-06-11 18:50:24",21021,884.0,"Transaction description",812651.0
"2024-06-11 18:50:25",98549,965.0,"Transaction description",824982.0
"2024-06-11 18:50:26",54028,747.0,"Transaction description",845461.0
"2024-06-11 18:50:27",43970,541.0,"Transaction description",846801.0
"2024-06-11 18:50:28",83482,50.0,"Transaction description",828750.0
"2024-06-11 18:50:29",50865,743.0,"Transaction description",818656.0
"2024-06-11 18:50:30",98279,816.0,"Transaction description",835319.0
"2024-06-11 18:50:31",51640,347.0,"Transaction description",825495.0
"2024-06-11 18:50:32",25379,725.0,"Transaction description",853695.0
"2024-06-11 18:50:33",99201,816.0,"Transaction description",827985.0
"2024-06-11 18:50:34",75960,542.0,"Transaction description",838928.0
"2024-06-11 18:50:35",97184,515.0,"Transaction description",807349.0
"2024-06-11 18:50:36",38981,833.0,"Transaction description",804214.0
"2024-06-11 18:50:37",67938,54.0,"Transaction description",843996.0
"2024-06-11 18:50:38",89963,344.0,"Transaction description",826755.0
"2024-06-11 18:50:39",56075,880.0,"Transaction description",837517.0
"2024-06-11 18:50:40",51691,949.0,"Transaction description",826599.0
"2024-06-11 18:50:41",60083,682.0,"Transaction description",860764.0
"2024-06-11 18:50:42",26484,932.0,"Transaction description",839505.0
"2024-06-11 18:50:43",21689,402.0,"Transaction description",846658.0
"2024-06-11 18:50:44",89874,221.0,"Transaction description",828200.0
"2024-06-11 18:50:45",92427,641.0,"Transaction description",840188.0
"2024-06-11 18:50:46",67854,653.0,"Transaction description",826716.0
"2024-06-11 18:50:47",22186,67.0,"Transaction description",827863.0
"2024-06-11 18:50:48",43651,511.0,"Transaction description",864249.0
"2024-06-11 18:50:49",18993,918.0,"Transaction description",850408.0
"2024-06-11 18:50:50",56499,945.0,"Transaction description",834416.0
"2024-06-11 18:50:51",88049,549.0,"Transaction description",870401.0
"2024-06-11 18:50:52",25783,83.0,"Transaction description",832822.0
"2024-06-11 18:50:53",19325,265.0,"Transaction description",857578.0
"2024-06-11 18:50:54",96723,119.0,"Transaction description",847560.0
"2024-06-11 18:50:55",95991,930.0,"Transaction description",805987.0
"2024-06-11 18:50:56",84105,37.0,"Transaction description",858639.0
"2024-06-11 18:50:57",96798,293.0,"Transaction description",821105.0
"2024-06-11 18:50:58",15210,369.0,"Transaction description",859763.0
"2024-06-11 18:50:59",64085,324.0,"Transaction description",863478.0
"2024-06-11 18:51:00",85448,433.0,"Transaction description",849893.0
"2024-06-11 18:51:01",90556,218.0,"Transaction description",905361.0
"2024-06-11 18:51:02",83582,257.0,"Transaction description",812529.0
"2024-06-11 18:51:03",65714,256.0,"Transaction description",852556.0
"2024-06-11 18:51:04",40776,149.0,"Transaction description",850849.0
"2024-06-11 18:51:05",99201,464.0,"Transaction description",837519.0
"2024-06-11 18:51:06",81664,782.0,"Transaction description",833938.0
"2024-06-11 18:51:07",34822,19.0,"Transaction description",837570.0
"2024-06-11 18:51:08",68275,776.0,"Transaction description",820875.0
"2024-06-11 18:51:09",98549,965.0,"Transaction description",845944.0
"2024-06-11 18:51:10",68487,86.0,"Transaction description",855017.0
"2024-06-11 18:51:11",20579,411.0,"Transaction description",862973.0
"2024-06-11 18:51:12",15848,184.0,"Transaction description",820929.0
"2024-06-11 18:51:13",22932,330.0,"Transaction description",817392.0
"2024-06-11 18:51:14",58666,512.0,"Transaction description",862540.0
"2024-06-11 18:51:15",19065,131.0,"Transaction description",875506.0
"2024-06-11 18:51:16",28660,179.0,"Transaction description",881462.0
"2024-06-11 18:51:17",43970,151.0,"Transaction description",865933.0
"2024-06-11 18:51:18",93639,721.0,"Transaction description",865496.0
"2024-06-11 18:51:19",99915,199.0,"Transaction description",884917.0
"2024-06-11 18:51:20",19790,754.0,"Transaction description",856115.0
"2024-06-11 18:51:21",38557,699.0,"Transaction description",830062.0
"2024-06-11 18:51:22",83582,62.0,"Transaction description",822442.0
"2024-06-11 18:51:23",36793,534.0,"Transaction description",829122.0
"2024-06-11 18:51:24",93983,368.0,"Transaction description",856154.0
"2024-06-11 18:51:25",79666,731.0,"Transaction description",834298.0
"2024-06-11 18:51:26",17649,311.0,"Transaction description",818979.0
"2024-06-11 18:51:27",63700,760.0,"Transaction description",879426.0
"2024-06-11 18:51:28",17872,705.0,"Transaction description",866829.0
"2024-06-11 18:51:29",91300,153.0,"Transaction description",862583.0
"2024-06-11 18:51:30",60512,546.0,"Transaction description",885981.0
"2024-06-11 18:51:31",18371,139.0,"Transaction description",848308.0
"2024-06-11 18:51:32",53081,743.0,"Transaction description",861723.0
"2024-06-11 18:51:33",18865,416.0,"Transaction description",841992.0
"2024-06-11 18:51:34",18634,928.0,"Transaction description",870158.0
"2024-06-11 18:51:35",82349,720.0,"Transaction description",872273.0
"2024-06-11 18:51:36",28403,149.0,"Transaction description",833209.0
"2024-06-11 18:51:37",80387,501.0,"Transaction description",846884.0
"2024-06-11 18:51:38",95014,487.0,"Transaction description",843925.0
"2024-06-11 18:51:39",89222,84.0,"Transaction description",877050.0
"2024-06-11 18:51:40",96723,22.0,"Transaction description",866546.0
"2024-06-11 18:51:41",43988,86.0,"Transaction description",869762.0
"2024-06-11 18:51:42",76434,18.0,"Transaction description",854807.0
"2024-06-11 18:51:43",47574,389.0,"Transaction description",863417.0
"2024-06-11 18:51:44",83482,134.0,"Transaction description",860902.0
"2024-06-11 18:51:45",62430,86.0,"Transaction description",838110.0
"2024-06-11 18:51:46",73393,953.0,"Transaction description",869790.0
"2024-06-11 18:51:47",27489,672.0,"Transaction description",875216.0
"2024-06-11 18:51:48",31763,887.0,"Transaction description",852920.0
"2024-06-11 18:51:49",26394,732.0,"Transaction description",833206.0
"2024-06-11 18:51:50",93757,285.0,"Transaction description",840149.0
"2024-06-11 18:51:51",25188,114.0,"Transaction description",828061.0
"2024-06-11 18:51:52",37396,328.0,"Transaction description",869265.0
"2024-06-11 18:51:53",64845,298.0,"Transaction description",852258.0
"2024-06-11 18:51:54",47212,782.0,"Transaction description",862256.0
"2024-06-11 18:51:55",38981,70.0,"Transaction description",839251.0
"2024-06-11 18:51:56",71206,784.0,"Transaction description",867346.0
"2024-06-11 18:51:57",45718,873.0,"Transaction description",838474.0
"2024-06-11 18:51:58",82072,4.0,"Transaction description",839641.0
"2024-06-11 18:51:59",22932,538.0,"Transaction description",835596.0
"2024-06-11 18:52:00",28645,992.0,"Transaction description",852597.0
"2024-06-11 18:52:01",29552,346.0,"Transaction description",843074.0
"2024-06-11 18:52:02",67938,357.0,"Transaction description",883293.0
"2024-06-11 18:52:03",20656,892.0,"Transaction description",854560.0
"2024-06-11 18:52:04",33088,143.0,"Transaction description",856991.0
"2024-06-11 18:52:05",10111,18.0,"Transaction description",878690.0
"2024-06-11 18:52:06",78014,984.0,"Transaction description",847711.0
"2024-06-11 18:52:07",46025,8.0,"Transaction description",871134.0
"2024-06-11 18:52:08",10394,891.0,"Transaction description",901559.0
"2024-06-11 18:52:09",56703,708.0,"Transaction description",841592.0
"2024-06-11 18:52:10",88961,680.0,"Transaction description",823738.0
"2024-06-11 18:52:11",12772,952.0,"Transaction description",929025.0
"2024-06-11 18:52:12",66340,524.0,"Transaction description",866147.0
"2024-06-11 18:52:13",66870,109.0,"Transaction description",862578.0
"2024-06-11 18:52:14",25783,490.0,"Transaction description",865263.0
"2024-06-11 18:52:15",60569,961.0,"Transaction description",844559.0
"2024-06-11 18:52:16",52694,947.0,"Transaction description",842941.0
"2024-06-11 18:52:17",15214,477.0,"Transaction description",922437.0
"2024-06-11 18:52:18",93835,568.0,"Transaction description",857357.0
"2024-06-11 18:52:19",29552,801.0,"Transaction description",852003.0
"2024-06-11 18:52:20",47574,778.0,"Transaction description",877732.0
"2024-06-11 18:52:21",64889,797.0,"Transaction description",873231.0
"2024-06-11 18:52:22",75921,380.0,"Transaction description",893475.0
"2024-06-11 18:52:23",84127,278.0,"Transaction description",893931.0
"2024-06-11 18:52:24",36360,50.0,"Transaction description",868254.0
"2024-06-11 18:52:25",96798,633.0,"Transaction description",853996.0
"2024-06-11 18:52:26",84667,280.0,"Transaction description",856721.0
"2024-06-11 18:52:27",22760,52.0,"Transaction description",894176.0
"2024-06-11 18:52:28",91828,755.0,"Transaction description",844051.0
"2024-06-11 18:52:29",93208,818.0,"Transaction description",910673.0
"2024-06-11 18:52:30",71197,7.0,"Transaction description",840329.0
"2024-06-11 18:52:31",38981,755.0,"Transaction description",857007.0
"2024-06-11 18:52:32",64201,245.0,"Transaction description",915051.0
"2024-06-11 18:52:33",46244,631.0,"Transaction description",863722.0
"2024-06-11 18:52:34",29932,589.0,"Transaction description",891353.0
"2024-06-11 18:52:35",23562,755.0,"Transaction description",889993.0
"2024-06-11 18:52:36",92184,870.0,"Transaction description",840289.0
"2024-06-11 18:52:37",99107,780.0,"Transaction description",906733.0
"2024-06-11 18:52:38",79593,961.0,"Transaction description",883931.0
"2024-06-11 18:52:39",26484,527.0,"Transaction description",883306.0
"2024-06-11 18:52:40",51691,295.0,"Transaction description",869194.0
"2024-06-11 18:52:41",51318,973.0,"Transaction description",884221.0
"2024-06-11 18:52:42",84105,128.0,"Transaction description",908210.0
"2024-06-11 18:52:43",31825,768.0,"Transaction description",915911.0
"2024-06-11 18:52:44",44546,685.0,"Transaction description",895286.0
"2024-06-11 18:52:45",41133,837.0,"Transaction description",861568.0
"2024-06-11 18:52:46",58102,2.0,"Transaction description",881408.0
"2024-06-11 18:52:47",84744,813.0,"Transaction description",887826.0
"2024-06-11 18:52:48",15825,525.0,"Transaction description",875577.0
"2024-06-11 18:52:49",57296,916.0,"Transaction description",855102.0
"2024-06-11 18:52:50",22117,48.0,"Transaction description",849689.0
"2024-06-11 18:52:51",80387,295.0,"Transaction description",884573.0
"2024-06-11 18:52:52",20045,399.0,"Transaction description",910313.0
"2024-06-11 18:52:53",22117,445.0,"Transaction description",852286.0
"2024-06-11 18:52:54",71206,964.0,"Transaction description",896319.0
"2024-06-11 18:52:55",53445,242.0,"Transaction description",899827.0
"2024-06-11 18:52:56",92184,288.0,"Transaction description",845529.0
"2024-06-11 18:52:57",64085,443.0,"Transaction description",919181.0
"2024-06-11 18:52:58",35534,935.0,"Transaction description",858568.0
"2024-06-11 18:52:59",60569,359.0,"Transaction description",866952.0
"2024-06-11 18:53:00",18634,451.0,"Transaction description",917106.0
"2024-06-11 18:53:01",40819,967.0,"Transaction description",888834.0
"2024-06-11 18:53:02",31495,813.0,"Transaction description",868583.0
"2024-06-11 18:53:03",28706,430.0,"Transaction description",870075.0
"2024-06-11 18:53:04",65690,576.0,"Transaction description",913419.0
"2024-06-11 18:53:05",28403,48.0,"Transaction description",874245.0
"2024-06-11 18:53:06",34209,79.0,"Transaction description",892438.0
"2024-06-11 18:53:07",71197,868.0,"Transaction description",856991.0
"2024-06-11 18:53:08",76236,94.0,"Transaction description",925179.0
"2024-06-11 18:53:09",98279,108.0,"Transaction description",921252.0
"2024-06-11 18:53:10",79421,163.0,"Transaction description",890520.0
"2024-06-11 18:53:11",96934,943.0,"Transaction description",867081.0
"2024-06-11 18:53:12",80387,153.0,"Transaction description",893390.0
"2024-06-11 18:53:13",26484,73.0,"Transaction description",897993.0
"2024-06-11 18:53:14",93679,476.0,"Transaction description",884882.0
"2024-06-11 18:53:15",83917,219.0,"Transaction description",871750.0
"2024-06-11 18:53:16",17281,172.0,"Transaction description",949213.0
"2024-06-11 18:53:17",68277,339.0,"Transaction description",867908.0
"2024-06-11 18:53:18",56146,477.0,"Transaction description",894567.0
"2024-06-11 18:53:19",79666,521.0,"Transaction description",875512.0
"2024-06-11 18:53:20",98279,694.0,"Transaction description",926163.0
"2024-06-11 18:53:21",42060,948.0,"Transaction description",888930.0
"2024-06-11 18:53:22",87527,728.0,"Transaction description",950169.0
"2024-06-11 18:53:23",71266,108.0,"Transaction description",903489.0
"2024-06-11 18:53:24",83017,345.0,"Transaction description",935304.0
"2024-06-11 18:53:25",92027,714.0,"Transaction description",896419.0
"2024-06-11 18:53:26",29748,570.0,"Transaction description",954134.0
"2024-06-11 18:53:27",99243,40.0,"Transaction description",932577.0
"2024-06-11 18:53:28",72678,363.0,"Transaction description",933311.0
"2024-06-11 18:53:29",83669,104.0,"Transaction description",858577.0
"2024-06-11 18:53:30",55704,828.0,"Transaction description",900848.0
"2024-06-11 18:53:31",18634,856.0,"Transaction description",926973.0
"2024-06-11 18:53:32",80290,496.0,"Transaction description",911830.0
"2024-06-11 18:53:33",72001,809.0,"Transaction description",888107.0
"2024-06-11 18:53:34",95968,337.0,"Transaction description",876364.0
"2024-06-11 18:53:35",94277,137.0,"Transaction description",911873.0
"2024-06-11 18:53:36",73393,378.0,"Transaction description",921083.0
"2024-06-11 18:53:37",23678,131.0,"Transaction description",940384.0
"2024-06-11 18:53:38",73780,609.0,"Transaction description",904360.0
"2024-06-11 18:53:39",66510,990.0,"Transaction description",912732.0
"2024-06-11 18:53:40",62415,341.0,"Transaction description",924894.0
"2024-06-11 18:53:41",68277,832.0,"Transaction description",880861.0
"2024-06-11 18:53:42",57623,763.0,"Transaction description",910486.0
"2024-06-11 18:53:43",89874,947.0,"Transaction description",904329.0
"2024-06-11 18:53:44",67223,1000.0,"Transaction description",895033.0
"2024-06-11 18:53:45",60569,60.0,"Transaction description",888650.0
"2024-06-11 18:53:46",93983,242.0,"Transaction description",915266.0
"2024-06-11 18:53:47",94073,646.0,"Transaction description",859811.0
"2024-06-11 18:53:48",98186,617.0,"Transaction description",907284.0
"2024-06-11 18:53:49",72652,930.0,"Transaction description",885494.0
"2024-06-11 18:53:50",82072,350.0,"Transaction description",873081.0
"2024-06-11 18:53:51",15340,384.0,"Transaction description",882969.0
"2024-06-11 18:53:52",98279,990.0,"Transaction description",936556.0
"2024-06-11 18:53:53",21462,313.0,"Transaction description",943296.0
